agency_cd,site_no,datetime,tz_cd,274049_00065,274049_00065_cd
5s,15s,20d,6s,14n,10s
USGS,04119070,2025-04-02 13:15,EST,8.85,P
USGS,04119070,2025-04-02 13:30,EST,8.89,P
USGS,04119070,2025-04-02 13:45,EST,8.92,P
USGS,04119070,2025-04-02 14:00,EST,8.95,P
USGS,04119070,2025-04-02 14:15,EST,8.98,P
USGS,04119070,2025-04-02 14:30,EST,9.01,P
USGS,04119070,2025-04-02 14:45,EST,9.05,P
USGS,04119070,2025-04-02 15:00,EST,9.09,P
USGS,04119070,2025-04-02 15:15,EST,9.12,P
USGS,04119070,2025-04-02 15:30,EST,9.16,P
USGS,04119070,2025-04-02 15:45,EST,9.18,P
USGS,04119070,2025-04-02 16:00,EST,9.22,P
USGS,04119070,2025-04-02 16:15,EST,9.26,P
USGS,04119070,2025-04-02 16:30,EST,9.30,P
USGS,04119070,2025-04-02 16:45,EST,9.34,P
USGS,04119070,2025-04-02 17:00,EST,9.37,P
USGS,04119070,2025-04-02 17:15,EST,9.39,P
USGS,04119070,2025-04-02 17:30,EST,9.42,P
USGS,04119070,2025-04-02 17:45,EST,9.45,P
USGS,04119070,2025-04-02 18:00,EST,9.48,P
USGS,04119070,2025-04-02 18:15,EST,9.51,P
USGS,04119070,2025-04-02 18:30,EST,9.53,P
USGS,04119070,2025-04-02 18:45,EST,9.56,P
USGS,04119070,2025-04-02 19:00,EST,9.59,P
USGS,04119070,2025-04-02 19:15,EST,9.61,P
USGS,04119070,2025-04-02 19:30,EST,9.64,P
USGS,04119070,2025-04-02 19:45,EST,9.67,P
USGS,04119070,2025-04-02 20:00,EST,9.70,P
USGS,04119070,2025-04-02 20:15,EST,9.71,P
USGS,04119070,2025-04-02 20:30,EST,9.75,P
USGS,04119070,2025-04-02 20:45,EST,9.78,P
USGS,04119070,2025-04-02 21:00,EST,9.81,P
USGS,04119070,2025-04-02 21:15,EST,9.84,P
USGS,04119070,2025-04-02 21:30,EST,9.86,P
USGS,04119070,2025-04-02 21:45,EST,9.89,P
USGS,04119070,2025-04-02 22:00,EST,9.92,P
USGS,04119070,2025-04-02 22:15,EST,9.95,P
USGS,04119070,2025-04-02 22:30,EST,9.96,P
USGS,04119070,2025-04-02 22:45,EST,10.00,P
USGS,04119070,2025-04-02 23:00,EST,10.01,P
USGS,04119070,2025-04-02 23:15,EST,10.02,P
USGS,04119070,2025-04-02 23:30,EST,10.04,P
USGS,04119070,2025-04-02 23:45,EST,10.08,P
USGS,04119070,2025-04-03 00:00,EST,10.11,P
USGS,04119070,2025-04-03 00:15,EST,10.16,P
USGS,04119070,2025-04-03 00:30,EST,10.16,P
USGS,04119070,2025-04-03 00:45,EST,10.18,P
USGS,04119070,2025-04-03 01:00,EST,10.20,P
USGS,04119070,2025-04-03 01:15,EST,10.25,P
USGS,04119070,2025-04-03 01:30,EST,10.29,P
USGS,04119070,2025-04-03 01:45,EST,10.31,P
USGS,04119070,2025-04-03 02:00,EST,10.35,P
USGS,04119070,2025-04-03 02:15,EST,10.37,P
USGS,04119070,2025-04-03 02:30,EST,10.38,P
USGS,04119070,2025-04-03 02:45,EST,10.41,P
USGS,04119070,2025-04-03 03:00,EST,10.43,P
USGS,04119070,2025-04-03 03:15,EST,10.45,P
USGS,04119070,2025-04-03 03:30,EST,10.47,P
USGS,04119070,2025-04-03 03:45,EST,10.52,P
USGS,04119070,2025-04-03 04:00,EST,10.54,P
USGS,04119070,2025-04-03 04:15,EST,10.57,P
USGS,04119070,2025-04-03 04:30,EST,10.59,P
USGS,04119070,2025-04-03 04:45,EST,10.61,P
USGS,04119070,2025-04-03 05:00,EST,10.60,P
USGS,04119070,2025-04-03 05:15,EST,10.64,P
USGS,04119070,2025-04-03 05:30,EST,10.64,P
USGS,04119070,2025-04-03 05:45,EST,10.68,P
USGS,04119070,2025-04-03 06:00,EST,10.69,P
USGS,04119070,2025-04-03 06:15,EST,10.70,P
USGS,04119070,2025-04-03 06:30,EST,10.71,P
USGS,04119070,2025-04-03 06:45,EST,10.73,P
USGS,04119070,2025-04-03 07:00,EST,10.75,P
USGS,04119070,2025-04-03 07:15,EST,10.74,P
USGS,04119070,2025-04-03 07:30,EST,10.78,P
USGS,04119070,2025-04-03 07:45,EST,10.79,P
USGS,04119070,2025-04-03 08:00,EST,10.79,P
USGS,04119070,2025-04-03 08:15,EST,10.81,P
USGS,04119070,2025-04-03 08:30,EST,10.82,P
USGS,04119070,2025-04-03 08:45,EST,10.82,P
USGS,04119070,2025-04-03 09:00,EST,10.85,P
USGS,04119070,2025-04-03 09:15,EST,10.85,P
USGS,04119070,2025-04-03 09:30,EST,10.88,P
USGS,04119070,2025-04-03 09:45,EST,10.89,P
USGS,04119070,2025-04-03 10:00,EST,10.90,P
USGS,04119070,2025-04-03 10:15,EST,10.93,P
USGS,04119070,2025-04-03 10:30,EST,10.93,P
USGS,04119070,2025-04-03 10:45,EST,10.93,P
USGS,04119070,2025-04-03 11:00,EST,10.96,P
USGS,04119070,2025-04-03 11:15,EST,10.97,P
USGS,04119070,2025-04-03 11:30,EST,10.98,P
USGS,04119070,2025-04-03 11:45,EST,10.98,P
USGS,04119070,2025-04-03 12:00,EST,11.01,P
USGS,04119070,2025-04-03 12:15,EST,11.02,P
USGS,04119070,2025-04-03 12:30,EST,11.03,P
USGS,04119070,2025-04-03 12:45,EST,11.05,P
USGS,04119070,2025-04-03 13:00,EST,11.05,P
USGS,04119070,2025-04-03 13:15,EST,11.08,P
USGS,04119070,2025-04-03 13:30,EST,11.10,P
USGS,04119070,2025-04-03 13:45,EST,11.13,P
USGS,04119070,2025-04-03 14:00,EST,11.14,P
USGS,04119070,2025-04-03 14:15,EST,11.14,P
USGS,04119070,2025-04-03 14:30,EST,11.19,P
USGS,04119070,2025-04-03 14:45,EST,11.20,P
USGS,04119070,2025-04-03 15:00,EST,11.21,P
USGS,04119070,2025-04-03 15:15,EST,11.22,P
USGS,04119070,2025-04-03 15:30,EST,11.24,P
USGS,04119070,2025-04-03 15:45,EST,11.26,P
USGS,04119070,2025-04-03 16:00,EST,11.28,P
USGS,04119070,2025-04-03 16:15,EST,11.29,P
USGS,04119070,2025-04-03 16:30,EST,11.30,P
USGS,04119070,2025-04-03 16:45,EST,11.32,P
USGS,04119070,2025-04-03 17:00,EST,11.33,P
USGS,04119070,2025-04-03 17:15,EST,11.35,P
USGS,04119070,2025-04-03 17:30,EST,11.36,P
USGS,04119070,2025-04-03 17:45,EST,11.38,P
USGS,04119070,2025-04-03 18:00,EST,11.39,P
USGS,04119070,2025-04-03 18:15,EST,11.41,P
USGS,04119070,2025-04-03 18:30,EST,11.42,P
USGS,04119070,2025-04-03 18:45,EST,11.43,P
USGS,04119070,2025-04-03 19:00,EST,11.44,P
USGS,04119070,2025-04-03 19:15,EST,11.45,P
USGS,04119070,2025-04-03 19:30,EST,11.47,P
USGS,04119070,2025-04-03 19:45,EST,11.48,P
USGS,04119070,2025-04-03 20:00,EST,11.49,P
USGS,04119070,2025-04-03 20:15,EST,11.50,P
USGS,04119070,2025-04-03 20:30,EST,11.51,P
USGS,04119070,2025-04-03 20:45,EST,11.53,P
USGS,04119070,2025-04-03 21:00,EST,11.54,P
USGS,04119070,2025-04-03 21:15,EST,11.55,P
USGS,04119070,2025-04-03 21:30,EST,11.56,P
USGS,04119070,2025-04-03 21:45,EST,11.57,P
USGS,04119070,2025-04-03 22:00,EST,11.59,P
USGS,04119070,2025-04-03 22:15,EST,11.60,P
USGS,04119070,2025-04-03 22:30,EST,11.61,P
USGS,04119070,2025-04-03 22:45,EST,11.62,P
USGS,04119070,2025-04-03 23:00,EST,11.64,P
USGS,04119070,2025-04-03 23:15,EST,11.65,P
USGS,04119070,2025-04-03 23:30,EST,11.66,P
USGS,04119070,2025-04-03 23:45,EST,11.67,P
USGS,04119070,2025-04-04 00:00,EST,11.68,P
USGS,04119070,2025-04-04 00:15,EST,11.69,P
USGS,04119070,2025-04-04 00:30,EST,11.70,P
USGS,04119070,2025-04-04 00:45,EST,11.71,P
USGS,04119070,2025-04-04 01:00,EST,11.72,P
USGS,04119070,2025-04-04 01:15,EST,11.73,P
USGS,04119070,2025-04-04 01:30,EST,11.73,P
USGS,04119070,2025-04-04 01:45,EST,11.74,P
USGS,04119070,2025-04-04 02:00,EST,11.75,P
USGS,04119070,2025-04-04 02:15,EST,11.76,P
USGS,04119070,2025-04-04 02:30,EST,11.77,P
USGS,04119070,2025-04-04 02:45,EST,11.78,P
USGS,04119070,2025-04-04 03:00,EST,11.79,P
USGS,04119070,2025-04-04 03:15,EST,11.80,P
USGS,04119070,2025-04-04 03:30,EST,11.80,P
USGS,04119070,2025-04-04 03:45,EST,11.81,P
USGS,04119070,2025-04-04 04:00,EST,11.82,P
USGS,04119070,2025-04-04 04:15,EST,11.82,P
USGS,04119070,2025-04-04 04:30,EST,11.84,P
USGS,04119070,2025-04-04 04:45,EST,11.84,P
USGS,04119070,2025-04-04 05:00,EST,11.85,P
USGS,04119070,2025-04-04 05:15,EST,11.86,P
USGS,04119070,2025-04-04 05:30,EST,11.86,P
USGS,04119070,2025-04-04 05:45,EST,11.87,P
USGS,04119070,2025-04-04 06:00,EST,11.88,P
USGS,04119070,2025-04-04 06:15,EST,11.89,P
USGS,04119070,2025-04-04 06:30,EST,11.90,P
USGS,04119070,2025-04-04 06:45,EST,11.91,P
USGS,04119070,2025-04-04 07:00,EST,11.92,P
USGS,04119070,2025-04-04 07:15,EST,11.92,P
USGS,04119070,2025-04-04 07:30,EST,11.93,P
USGS,04119070,2025-04-04 07:45,EST,11.94,P
USGS,04119070,2025-04-04 08:00,EST,11.95,P
USGS,04119070,2025-04-04 08:15,EST,11.95,P
USGS,04119070,2025-04-04 08:30,EST,11.96,P
USGS,04119070,2025-04-04 08:45,EST,11.97,P
USGS,04119070,2025-04-04 09:00,EST,11.97,P
USGS,04119070,2025-04-04 09:15,EST,11.99,P
USGS,04119070,2025-04-04 09:30,EST,12.00,P
USGS,04119070,2025-04-04 09:45,EST,12.00,P
USGS,04119070,2025-04-04 10:00,EST,12.01,P
USGS,04119070,2025-04-04 10:15,EST,12.03,P
USGS,04119070,2025-04-04 10:30,EST,12.04,P
USGS,04119070,2025-04-04 10:45,EST,12.04,P
USGS,04119070,2025-04-04 11:00,EST,12.06,P
USGS,04119070,2025-04-04 11:15,EST,12.06,P
USGS,04119070,2025-04-04 11:30,EST,12.07,P
USGS,04119070,2025-04-04 11:45,EST,12.08,P
USGS,04119070,2025-04-04 12:00,EST,12.09,P
USGS,04119070,2025-04-04 12:15,EST,12.10,P
USGS,04119070,2025-04-04 12:30,EST,12.11,P
USGS,04119070,2025-04-04 12:45,EST,12.12,P
USGS,04119070,2025-04-04 13:00,EST,12.13,P
USGS,04119070,2025-04-04 13:15,EST,12.13,P
USGS,04119070,2025-04-04 13:30,EST,12.14,P
USGS,04119070,2025-04-04 13:45,EST,12.16,P
USGS,04119070,2025-04-04 14:00,EST,12.16,P
USGS,04119070,2025-04-04 14:15,EST,12.16,P
USGS,04119070,2025-04-04 14:30,EST,12.17,P
USGS,04119070,2025-04-04 14:45,EST,12.18,P
USGS,04119070,2025-04-04 15:00,EST,12.20,P
USGS,04119070,2025-04-04 15:15,EST,12.20,P
USGS,04119070,2025-04-04 15:30,EST,12.21,P
USGS,04119070,2025-04-04 15:45,EST,12.22,P
USGS,04119070,2025-04-04 16:00,EST,12.22,P
USGS,04119070,2025-04-04 16:15,EST,12.23,P
USGS,04119070,2025-04-04 16:30,EST,12.24,P
USGS,04119070,2025-04-04 16:45,EST,12.25,P
USGS,04119070,2025-04-04 17:00,EST,12.25,P
USGS,04119070,2025-04-04 17:15,EST,12.26,P
USGS,04119070,2025-04-04 17:30,EST,12.27,P
USGS,04119070,2025-04-04 17:45,EST,12.27,P
USGS,04119070,2025-04-04 18:00,EST,12.28,P
USGS,04119070,2025-04-04 18:15,EST,12.29,P
USGS,04119070,2025-04-04 18:30,EST,12.29,P
USGS,04119070,2025-04-04 18:45,EST,12.30,P
USGS,04119070,2025-04-04 19:00,EST,12.31,P
USGS,04119070,2025-04-04 19:15,EST,12.31,P
USGS,04119070,2025-04-04 19:30,EST,12.32,P
USGS,04119070,2025-04-04 19:45,EST,12.33,P
USGS,04119070,2025-04-04 20:00,EST,12.33,P
USGS,04119070,2025-04-04 20:15,EST,12.34,P
USGS,04119070,2025-04-04 20:30,EST,12.34,P
USGS,04119070,2025-04-04 20:45,EST,12.35,P
USGS,04119070,2025-04-04 21:00,EST,12.36,P
USGS,04119070,2025-04-04 21:15,EST,12.36,P
USGS,04119070,2025-04-04 21:30,EST,12.37,P
USGS,04119070,2025-04-04 21:45,EST,12.37,P
USGS,04119070,2025-04-04 22:00,EST,12.38,P
USGS,04119070,2025-04-04 22:15,EST,12.39,P
USGS,04119070,2025-04-04 22:30,EST,12.40,P
USGS,04119070,2025-04-04 22:45,EST,12.41,P
USGS,04119070,2025-04-04 23:00,EST,12.41,P
USGS,04119070,2025-04-04 23:15,EST,12.41,P
USGS,04119070,2025-04-04 23:30,EST,12.42,P
USGS,04119070,2025-04-04 23:45,EST,12.43,P
USGS,04119070,2025-04-05 00:00,EST,12.44,P
USGS,04119070,2025-04-05 00:15,EST,12.45,P
USGS,04119070,2025-04-05 00:30,EST,12.45,P
USGS,04119070,2025-04-05 00:45,EST,12.47,P
USGS,04119070,2025-04-05 01:00,EST,12.47,P
USGS,04119070,2025-04-05 01:15,EST,12.48,P
USGS,04119070,2025-04-05 01:30,EST,12.48,P
USGS,04119070,2025-04-05 01:45,EST,12.50,P
USGS,04119070,2025-04-05 02:00,EST,12.49,P
USGS,04119070,2025-04-05 02:15,EST,12.52,P
USGS,04119070,2025-04-05 02:30,EST,12.53,P
USGS,04119070,2025-04-05 02:45,EST,12.54,P
USGS,04119070,2025-04-05 03:00,EST,12.55,P
USGS,04119070,2025-04-05 03:15,EST,12.56,P
USGS,04119070,2025-04-05 03:30,EST,12.58,P
USGS,04119070,2025-04-05 03:45,EST,12.60,P
USGS,04119070,2025-04-05 04:00,EST,12.61,P
USGS,04119070,2025-04-05 04:15,EST,12.63,P
USGS,04119070,2025-04-05 04:30,EST,12.66,P
USGS,04119070,2025-04-05 04:45,EST,12.68,P
USGS,04119070,2025-04-05 05:00,EST,12.70,P
USGS,04119070,2025-04-05 05:15,EST,12.72,P
USGS,04119070,2025-04-05 05:30,EST,12.74,P
USGS,04119070,2025-04-05 05:45,EST,12.75,P
USGS,04119070,2025-04-05 06:00,EST,12.78,P
USGS,04119070,2025-04-05 06:15,EST,12.78,P
USGS,04119070,2025-04-05 06:30,EST,12.80,P
USGS,04119070,2025-04-05 06:45,EST,12.81,P
USGS,04119070,2025-04-05 07:00,EST,12.82,P
USGS,04119070,2025-04-05 07:15,EST,12.83,P
USGS,04119070,2025-04-05 07:30,EST,12.84,P
USGS,04119070,2025-04-05 07:45,EST,12.84,P
USGS,04119070,2025-04-05 08:00,EST,12.85,P
USGS,04119070,2025-04-05 08:15,EST,12.86,P
USGS,04119070,2025-04-05 08:30,EST,12.87,P
USGS,04119070,2025-04-05 08:45,EST,12.88,P
USGS,04119070,2025-04-05 09:00,EST,12.89,P
USGS,04119070,2025-04-05 09:15,EST,12.90,P
USGS,04119070,2025-04-05 09:30,EST,12.91,P
USGS,04119070,2025-04-05 09:45,EST,12.92,P
USGS,04119070,2025-04-05 10:00,EST,12.93,P
USGS,04119070,2025-04-05 10:15,EST,12.94,P
USGS,04119070,2025-04-05 10:30,EST,12.95,P
USGS,04119070,2025-04-05 10:45,EST,12.96,P
USGS,04119070,2025-04-05 11:00,EST,12.97,P
USGS,04119070,2025-04-05 11:15,EST,12.98,P
USGS,04119070,2025-04-05 11:30,EST,12.99,P
USGS,04119070,2025-04-05 11:45,EST,13.00,P
USGS,04119070,2025-04-05 12:00,EST,13.01,P
USGS,04119070,2025-04-05 12:15,EST,13.02,P
USGS,04119070,2025-04-05 12:30,EST,13.03,P
USGS,04119070,2025-04-05 12:45,EST,13.04,P
USGS,04119070,2025-04-05 13:00,EST,13.05,P
USGS,04119070,2025-04-05 13:15,EST,13.06,P
USGS,04119070,2025-04-05 13:30,EST,13.06,P
USGS,04119070,2025-04-05 13:45,EST,13.08,P
USGS,04119070,2025-04-05 14:00,EST,13.08,P
USGS,04119070,2025-04-05 14:15,EST,13.09,P
USGS,04119070,2025-04-05 14:30,EST,13.10,P
USGS,04119070,2025-04-05 14:45,EST,13.11,P
USGS,04119070,2025-04-05 15:00,EST,13.12,P
USGS,04119070,2025-04-05 15:15,EST,13.12,P
USGS,04119070,2025-04-05 15:30,EST,13.12,P
USGS,04119070,2025-04-05 15:45,EST,13.14,P
USGS,04119070,2025-04-05 16:00,EST,13.15,P
USGS,04119070,2025-04-05 16:15,EST,13.15,P
USGS,04119070,2025-04-05 16:30,EST,13.17,P
USGS,04119070,2025-04-05 16:45,EST,13.17,P
USGS,04119070,2025-04-05 17:00,EST,13.18,P
USGS,04119070,2025-04-05 17:15,EST,13.19,P
USGS,04119070,2025-04-05 17:30,EST,13.19,P
USGS,04119070,2025-04-05 17:45,EST,13.20,P
USGS,04119070,2025-04-05 18:00,EST,13.21,P
USGS,04119070,2025-04-05 18:15,EST,13.21,P
USGS,04119070,2025-04-05 18:30,EST,13.21,P
USGS,04119070,2025-04-05 18:45,EST,13.22,P
USGS,04119070,2025-04-05 19:00,EST,13.23,P
USGS,04119070,2025-04-05 19:15,EST,13.24,P
USGS,04119070,2025-04-05 19:30,EST,13.24,P
USGS,04119070,2025-04-05 19:45,EST,13.25,P
USGS,04119070,2025-04-05 20:00,EST,13.26,P
USGS,04119070,2025-04-05 20:15,EST,13.27,P
USGS,04119070,2025-04-05 20:30,EST,13.27,P
USGS,04119070,2025-04-05 20:45,EST,13.27,P
USGS,04119070,2025-04-05 21:00,EST,13.28,P
USGS,04119070,2025-04-05 21:15,EST,13.28,P
USGS,04119070,2025-04-05 21:30,EST,13.29,P
USGS,04119070,2025-04-05 21:45,EST,13.30,P
USGS,04119070,2025-04-05 22:00,EST,13.31,P
USGS,04119070,2025-04-05 22:15,EST,13.31,P
USGS,04119070,2025-04-05 22:30,EST,13.32,P
USGS,04119070,2025-04-05 22:45,EST,13.33,P
USGS,04119070,2025-04-05 23:00,EST,13.33,P
USGS,04119070,2025-04-05 23:15,EST,13.34,P
USGS,04119070,2025-04-05 23:30,EST,13.34,P
USGS,04119070,2025-04-05 23:45,EST,13.36,P
USGS,04119070,2025-04-06 00:00,EST,13.37,P
USGS,04119070,2025-04-06 00:15,EST,13.37,P
USGS,04119070,2025-04-06 00:30,EST,13.37,P
USGS,04119070,2025-04-06 00:45,EST,13.38,P
USGS,04119070,2025-04-06 01:00,EST,13.39,P
USGS,04119070,2025-04-06 01:15,EST,13.39,P
USGS,04119070,2025-04-06 01:30,EST,13.40,P
USGS,04119070,2025-04-06 01:45,EST,13.41,P
USGS,04119070,2025-04-06 02:00,EST,13.41,P
USGS,04119070,2025-04-06 02:15,EST,13.41,P
USGS,04119070,2025-04-06 02:30,EST,13.42,P
USGS,04119070,2025-04-06 02:45,EST,13.43,P
USGS,04119070,2025-04-06 03:00,EST,13.44,P
USGS,04119070,2025-04-06 03:15,EST,13.44,P
USGS,04119070,2025-04-06 03:30,EST,13.44,P
USGS,04119070,2025-04-06 03:45,EST,13.44,P
USGS,04119070,2025-04-06 04:00,EST,13.45,P
USGS,04119070,2025-04-06 04:15,EST,13.46,P
USGS,04119070,2025-04-06 04:30,EST,13.47,P
USGS,04119070,2025-04-06 04:45,EST,13.48,P
USGS,04119070,2025-04-06 05:00,EST,13.48,P
USGS,04119070,2025-04-06 05:15,EST,13.49,P
USGS,04119070,2025-04-06 05:30,EST,13.50,P
USGS,04119070,2025-04-06 05:45,EST,13.50,P
USGS,04119070,2025-04-06 06:00,EST,13.50,P
USGS,04119070,2025-04-06 06:15,EST,13.51,P
USGS,04119070,2025-04-06 06:30,EST,13.52,P
USGS,04119070,2025-04-06 06:45,EST,13.52,P
USGS,04119070,2025-04-06 07:00,EST,13.53,P
USGS,04119070,2025-04-06 07:15,EST,13.53,P
USGS,04119070,2025-04-06 07:30,EST,13.54,P
USGS,04119070,2025-04-06 07:45,EST,13.54,P
USGS,04119070,2025-04-06 08:00,EST,13.54,P
USGS,04119070,2025-04-06 08:15,EST,13.54,P
USGS,04119070,2025-04-06 08:30,EST,13.54,P
USGS,04119070,2025-04-06 08:45,EST,13.56,P
USGS,04119070,2025-04-06 09:00,EST,13.56,P
USGS,04119070,2025-04-06 09:15,EST,13.57,P
USGS,04119070,2025-04-06 09:30,EST,13.58,P
USGS,04119070,2025-04-06 09:45,EST,13.58,P
USGS,04119070,2025-04-06 10:00,EST,13.59,P
USGS,04119070,2025-04-06 10:15,EST,13.60,P
USGS,04119070,2025-04-06 10:30,EST,13.60,P
USGS,04119070,2025-04-06 10:45,EST,13.61,P
USGS,04119070,2025-04-06 11:00,EST,13.63,P
USGS,04119070,2025-04-06 11:15,EST,13.63,P
USGS,04119070,2025-04-06 11:30,EST,13.64,P
USGS,04119070,2025-04-06 11:45,EST,13.63,P
USGS,04119070,2025-04-06 12:00,EST,13.65,P
USGS,04119070,2025-04-06 12:15,EST,13.65,P
USGS,04119070,2025-04-06 12:30,EST,13.66,P
USGS,04119070,2025-04-06 12:45,EST,13.66,P
USGS,04119070,2025-04-06 13:00,EST,13.66,P
USGS,04119070,2025-04-06 13:15,EST,13.67,P
USGS,04119070,2025-04-06 13:30,EST,13.68,P
USGS,04119070,2025-04-06 13:45,EST,13.69,P
USGS,04119070,2025-04-06 14:00,EST,13.69,P
USGS,04119070,2025-04-06 14:15,EST,13.70,P
USGS,04119070,2025-04-06 14:30,EST,13.70,P
USGS,04119070,2025-04-06 14:45,EST,13.70,P
USGS,04119070,2025-04-06 15:00,EST,13.70,P
USGS,04119070,2025-04-06 15:15,EST,13.70,P
USGS,04119070,2025-04-06 15:30,EST,13.72,P
USGS,04119070,2025-04-06 15:45,EST,13.71,P
USGS,04119070,2025-04-06 16:00,EST,13.72,P
USGS,04119070,2025-04-06 16:15,EST,13.73,P
USGS,04119070,2025-04-06 16:30,EST,13.71,P
USGS,04119070,2025-04-06 16:45,EST,13.74,P
USGS,04119070,2025-04-06 17:00,EST,13.74,P
USGS,04119070,2025-04-06 17:15,EST,13.75,P
USGS,04119070,2025-04-06 17:30,EST,13.75,P
USGS,04119070,2025-04-06 17:45,EST,13.75,P
USGS,04119070,2025-04-06 18:00,EST,13.76,P
USGS,04119070,2025-04-06 18:15,EST,13.77,P
USGS,04119070,2025-04-06 18:30,EST,13.77,P
USGS,04119070,2025-04-06 18:45,EST,13.77,P
USGS,04119070,2025-04-06 19:00,EST,13.78,P
USGS,04119070,2025-04-06 19:15,EST,13.78,P
USGS,04119070,2025-04-06 19:30,EST,13.79,P
USGS,04119070,2025-04-06 19:45,EST,13.79,P
USGS,04119070,2025-04-06 20:00,EST,13.80,P
USGS,04119070,2025-04-06 20:15,EST,13.80,P
USGS,04119070,2025-04-06 20:30,EST,13.81,P
USGS,04119070,2025-04-06 20:45,EST,13.81,P
USGS,04119070,2025-04-06 21:00,EST,13.83,P
USGS,04119070,2025-04-06 21:15,EST,13.83,P
USGS,04119070,2025-04-06 21:30,EST,13.84,P
USGS,04119070,2025-04-06 21:45,EST,13.84,P
USGS,04119070,2025-04-06 22:00,EST,13.84,P
USGS,04119070,2025-04-06 22:15,EST,13.85,P
USGS,04119070,2025-04-06 22:30,EST,13.86,P
USGS,04119070,2025-04-06 22:45,EST,13.86,P
USGS,04119070,2025-04-06 23:00,EST,13.86,P
USGS,04119070,2025-04-06 23:15,EST,13.87,P
USGS,04119070,2025-04-06 23:30,EST,13.88,P
USGS,04119070,2025-04-06 23:45,EST,13.88,P
USGS,04119070,2025-04-07 00:00,EST,13.88,P
USGS,04119070,2025-04-07 00:15,EST,13.89,P
USGS,04119070,2025-04-07 00:30,EST,13.89,P
USGS,04119070,2025-04-07 00:45,EST,13.90,P
USGS,04119070,2025-04-07 01:00,EST,13.90,P
USGS,04119070,2025-04-07 01:15,EST,13.91,P
USGS,04119070,2025-04-07 01:30,EST,13.91,P
USGS,04119070,2025-04-07 01:45,EST,13.91,P
USGS,04119070,2025-04-07 02:00,EST,13.92,P
USGS,04119070,2025-04-07 02:15,EST,13.93,P
USGS,04119070,2025-04-07 02:30,EST,13.93,P
USGS,04119070,2025-04-07 02:45,EST,13.94,P
USGS,04119070,2025-04-07 03:00,EST,13.94,P
USGS,04119070,2025-04-07 03:15,EST,13.94,P
USGS,04119070,2025-04-07 03:30,EST,13.93,P
USGS,04119070,2025-04-07 03:45,EST,13.95,P
USGS,04119070,2025-04-07 04:00,EST,13.95,P
USGS,04119070,2025-04-07 04:15,EST,13.96,P
USGS,04119070,2025-04-07 04:30,EST,13.95,P
USGS,04119070,2025-04-07 04:45,EST,13.96,P
USGS,04119070,2025-04-07 05:00,EST,13.97,P
USGS,04119070,2025-04-07 05:15,EST,13.95,P
USGS,04119070,2025-04-07 05:30,EST,13.96,P
USGS,04119070,2025-04-07 05:45,EST,13.95,P
USGS,04119070,2025-04-07 06:00,EST,13.95,P
USGS,04119070,2025-04-07 06:15,EST,13.96,P
USGS,04119070,2025-04-07 06:30,EST,13.97,P
USGS,04119070,2025-04-07 06:45,EST,13.95,P
USGS,04119070,2025-04-07 07:00,EST,13.97,P
USGS,04119070,2025-04-07 07:15,EST,13.99,P
USGS,04119070,2025-04-07 07:30,EST,14.00,P
USGS,04119070,2025-04-07 07:45,EST,13.99,P
USGS,04119070,2025-04-07 08:00,EST,14.01,P
USGS,04119070,2025-04-07 08:15,EST,14.02,P
USGS,04119070,2025-04-07 08:30,EST,14.02,P
USGS,04119070,2025-04-07 08:45,EST,14.03,P
USGS,04119070,2025-04-07 09:00,EST,14.03,P
USGS,04119070,2025-04-07 09:15,EST,14.03,P
USGS,04119070,2025-04-07 09:30,EST,14.04,P
USGS,04119070,2025-04-07 09:45,EST,14.05,P
USGS,04119070,2025-04-07 10:00,EST,14.06,P
USGS,04119070,2025-04-07 10:15,EST,14.06,P
USGS,04119070,2025-04-07 10:30,EST,14.06,P
USGS,04119070,2025-04-07 10:45,EST,14.07,P
USGS,04119070,2025-04-07 11:00,EST,14.06,P
USGS,04119070,2025-04-07 11:15,EST,14.08,P
USGS,04119070,2025-04-07 11:30,EST,14.09,P
USGS,04119070,2025-04-07 11:45,EST,14.09,P
USGS,04119070,2025-04-07 12:00,EST,14.08,P
USGS,04119070,2025-04-07 12:15,EST,14.09,P
USGS,04119070,2025-04-07 12:30,EST,14.11,P
USGS,04119070,2025-04-07 12:45,EST,14.11,P
USGS,04119070,2025-04-07 13:00,EST,14.12,P
USGS,04119070,2025-04-07 13:15,EST,14.12,P
USGS,04119070,2025-04-07 13:30,EST,14.12,P
USGS,04119070,2025-04-07 13:45,EST,14.12,P
USGS,04119070,2025-04-07 14:00,EST,14.12,P
USGS,04119070,2025-04-07 14:15,EST,14.12,P
USGS,04119070,2025-04-07 14:30,EST,14.12,P
USGS,04119070,2025-04-07 14:45,EST,14.14,P
USGS,04119070,2025-04-07 15:00,EST,14.13,P
USGS,04119070,2025-04-07 15:15,EST,14.14,P
USGS,04119070,2025-04-07 15:30,EST,14.13,P
USGS,04119070,2025-04-07 15:45,EST,14.15,P
USGS,04119070,2025-04-07 16:00,EST,14.15,P
USGS,04119070,2025-04-07 16:15,EST,14.14,P
USGS,04119070,2025-04-07 16:30,EST,14.16,P
USGS,04119070,2025-04-07 16:45,EST,14.15,P
USGS,04119070,2025-04-07 17:00,EST,14.16,P
USGS,04119070,2025-04-07 17:15,EST,14.15,P
USGS,04119070,2025-04-07 17:30,EST,14.16,P
USGS,04119070,2025-04-07 17:45,EST,14.16,P
USGS,04119070,2025-04-07 18:00,EST,14.17,P
USGS,04119070,2025-04-07 18:15,EST,14.17,P
USGS,04119070,2025-04-07 18:30,EST,14.17,P
USGS,04119070,2025-04-07 18:45,EST,14.17,P
USGS,04119070,2025-04-07 19:00,EST,14.17,P
USGS,04119070,2025-04-07 19:15,EST,14.18,P
USGS,04119070,2025-04-07 19:30,EST,14.18,P
USGS,04119070,2025-04-07 19:45,EST,14.18,P
USGS,04119070,2025-04-07 20:00,EST,14.18,P
USGS,04119070,2025-04-07 20:15,EST,14.18,P
USGS,04119070,2025-04-07 20:30,EST,14.18,P
USGS,04119070,2025-04-07 20:45,EST,14.18,P
USGS,04119070,2025-04-07 21:00,EST,14.18,P
USGS,04119070,2025-04-07 21:15,EST,14.18,P
USGS,04119070,2025-04-07 21:30,EST,14.19,P
USGS,04119070,2025-04-07 21:45,EST,14.19,P
USGS,04119070,2025-04-07 22:00,EST,14.19,P
USGS,04119070,2025-04-07 22:15,EST,14.19,P
USGS,04119070,2025-04-07 22:30,EST,14.19,P
USGS,04119070,2025-04-07 22:45,EST,14.20,P
USGS,04119070,2025-04-07 23:00,EST,14.20,P
USGS,04119070,2025-04-07 23:15,EST,14.20,P
USGS,04119070,2025-04-07 23:30,EST,14.20,P
USGS,04119070,2025-04-07 23:45,EST,14.20,P
USGS,04119070,2025-04-08 00:00,EST,14.18,P
USGS,04119070,2025-04-08 00:15,EST,14.20,P
USGS,04119070,2025-04-08 00:30,EST,14.20,P
USGS,04119070,2025-04-08 00:45,EST,14.20,P
USGS,04119070,2025-04-08 01:00,EST,14.20,P
USGS,04119070,2025-04-08 01:15,EST,14.20,P
USGS,04119070,2025-04-08 01:30,EST,14.20,P
USGS,04119070,2025-04-08 01:45,EST,14.20,P
USGS,04119070,2025-04-08 02:00,EST,14.20,P
USGS,04119070,2025-04-08 02:15,EST,14.20,P
USGS,04119070,2025-04-08 02:30,EST,14.20,P
USGS,04119070,2025-04-08 02:45,EST,14.20,P
USGS,04119070,2025-04-08 03:00,EST,14.20,P
USGS,04119070,2025-04-08 03:15,EST,14.20,P
USGS,04119070,2025-04-08 03:30,EST,14.20,P
USGS,04119070,2025-04-08 03:45,EST,14.20,P
USGS,04119070,2025-04-08 04:00,EST,14.20,P
USGS,04119070,2025-04-08 04:15,EST,14.20,P
USGS,04119070,2025-04-08 04:30,EST,14.20,P
USGS,04119070,2025-04-08 04:45,EST,14.20,P
USGS,04119070,2025-04-08 05:00,EST,14.20,P
USGS,04119070,2025-04-08 05:15,EST,14.20,P
USGS,04119070,2025-04-08 05:30,EST,14.20,P
USGS,04119070,2025-04-08 05:45,EST,14.20,P
USGS,04119070,2025-04-08 06:00,EST,14.20,P
USGS,04119070,2025-04-08 06:15,EST,14.20,P
USGS,04119070,2025-04-08 06:30,EST,14.20,P
USGS,04119070,2025-04-08 06:45,EST,14.20,P
USGS,04119070,2025-04-08 07:00,EST,14.20,P
USGS,04119070,2025-04-08 07:15,EST,14.19,P
USGS,04119070,2025-04-08 07:30,EST,14.19,P
USGS,04119070,2025-04-08 07:45,EST,14.19,P
USGS,04119070,2025-04-08 08:00,EST,14.19,P
USGS,04119070,2025-04-08 08:15,EST,14.19,P
USGS,04119070,2025-04-08 08:30,EST,14.19,P
USGS,04119070,2025-04-08 08:45,EST,14.19,P
USGS,04119070,2025-04-08 09:00,EST,14.19,P
USGS,04119070,2025-04-08 09:15,EST,14.18,P
USGS,04119070,2025-04-08 09:30,EST,14.18,P
USGS,04119070,2025-04-08 09:45,EST,14.19,P
USGS,04119070,2025-04-08 10:00,EST,14.19,P
USGS,04119070,2025-04-08 10:15,EST,14.19,P
USGS,04119070,2025-04-08 10:30,EST,14.19,P
USGS,04119070,2025-04-08 10:45,EST,14.19,P
USGS,04119070,2025-04-08 11:00,EST,14.18,P
USGS,04119070,2025-04-08 11:15,EST,14.18,P
USGS,04119070,2025-04-08 11:30,EST,14.19,P
USGS,04119070,2025-04-08 11:45,EST,14.18,P
USGS,04119070,2025-04-08 12:00,EST,14.17,P
USGS,04119070,2025-04-08 12:15,EST,14.18,P
USGS,04119070,2025-04-08 12:30,EST,14.18,P
USGS,04119070,2025-04-08 12:45,EST,14.18,P
USGS,04119070,2025-04-08 13:00,EST,14.17,P
USGS,04119070,2025-04-08 13:15,EST,14.16,P
USGS,04119070,2025-04-08 13:30,EST,14.17,P
USGS,04119070,2025-04-08 13:45,EST,14.15,P
USGS,04119070,2025-04-08 14:00,EST,14.17,P
USGS,04119070,2025-04-08 14:15,EST,14.18,P
USGS,04119070,2025-04-08 14:30,EST,14.17,P
USGS,04119070,2025-04-08 14:45,EST,14.15,P
USGS,04119070,2025-04-08 15:00,EST,14.15,P
USGS,04119070,2025-04-08 15:15,EST,14.14,P
USGS,04119070,2025-04-08 15:30,EST,14.17,P
USGS,04119070,2025-04-08 15:45,EST,14.14,P
USGS,04119070,2025-04-08 16:00,EST,14.16,P
USGS,04119070,2025-04-08 16:15,EST,14.16,P
USGS,04119070,2025-04-08 16:30,EST,14.16,P
USGS,04119070,2025-04-08 16:45,EST,14.15,P
USGS,04119070,2025-04-08 17:00,EST,14.15,P
USGS,04119070,2025-04-08 17:15,EST,14.15,P
USGS,04119070,2025-04-08 17:30,EST,14.14,P
USGS,04119070,2025-04-08 17:45,EST,14.15,P
USGS,04119070,2025-04-08 18:00,EST,14.15,P
USGS,04119070,2025-04-08 18:15,EST,14.15,P
USGS,04119070,2025-04-08 18:30,EST,14.14,P
USGS,04119070,2025-04-08 18:45,EST,14.14,P
USGS,04119070,2025-04-08 19:00,EST,14.15,P
USGS,04119070,2025-04-08 19:15,EST,14.14,P
USGS,04119070,2025-04-08 19:30,EST,14.14,P
USGS,04119070,2025-04-08 19:45,EST,14.14,P
USGS,04119070,2025-04-08 20:00,EST,14.13,P
USGS,04119070,2025-04-08 20:15,EST,14.13,P
USGS,04119070,2025-04-08 20:30,EST,14.13,P
USGS,04119070,2025-04-08 20:45,EST,14.12,P
USGS,04119070,2025-04-08 21:00,EST,14.13,P
USGS,04119070,2025-04-08 21:15,EST,14.12,P
USGS,04119070,2025-04-08 21:30,EST,14.12,P
USGS,04119070,2025-04-08 21:45,EST,14.12,P
USGS,04119070,2025-04-08 22:00,EST,14.12,P
USGS,04119070,2025-04-08 22:15,EST,14.11,P
USGS,04119070,2025-04-08 22:30,EST,14.11,P
USGS,04119070,2025-04-08 22:45,EST,14.11,P
USGS,04119070,2025-04-08 23:00,EST,14.10,P
USGS,04119070,2025-04-08 23:15,EST,14.10,P
USGS,04119070,2025-04-08 23:30,EST,14.10,P
USGS,04119070,2025-04-08 23:45,EST,14.10,P
USGS,04119070,2025-04-09 00:00,EST,14.09,P
USGS,04119070,2025-04-09 00:15,EST,14.09,P
USGS,04119070,2025-04-09 00:30,EST,14.08,P
USGS,04119070,2025-04-09 00:45,EST,14.08,P
USGS,04119070,2025-04-09 01:00,EST,14.08,P
USGS,04119070,2025-04-09 01:15,EST,14.07,P
USGS,04119070,2025-04-09 01:30,EST,14.07,P
USGS,04119070,2025-04-09 01:45,EST,14.07,P
USGS,04119070,2025-04-09 02:00,EST,14.07,P
USGS,04119070,2025-04-09 02:15,EST,14.06,P
USGS,04119070,2025-04-09 02:30,EST,14.05,P
USGS,04119070,2025-04-09 02:45,EST,14.05,P
USGS,04119070,2025-04-09 03:00,EST,14.05,P
USGS,04119070,2025-04-09 03:15,EST,14.04,P
USGS,04119070,2025-04-09 03:30,EST,14.04,P
USGS,04119070,2025-04-09 03:45,EST,14.03,P
USGS,04119070,2025-04-09 04:00,EST,14.02,P
USGS,04119070,2025-04-09 04:15,EST,14.02,P
USGS,04119070,2025-04-09 04:30,EST,14.02,P
USGS,04119070,2025-04-09 04:45,EST,14.01,P
USGS,04119070,2025-04-09 05:00,EST,14.01,P
USGS,04119070,2025-04-09 05:15,EST,14.00,P
USGS,04119070,2025-04-09 05:30,EST,14.00,P
USGS,04119070,2025-04-09 05:45,EST,13.99,P
USGS,04119070,2025-04-09 06:00,EST,13.99,P
USGS,04119070,2025-04-09 06:15,EST,13.98,P
USGS,04119070,2025-04-09 06:30,EST,13.98,P
USGS,04119070,2025-04-09 06:45,EST,13.98,P
USGS,04119070,2025-04-09 07:00,EST,13.97,P
USGS,04119070,2025-04-09 07:15,EST,13.96,P
USGS,04119070,2025-04-09 07:30,EST,13.95,P
USGS,04119070,2025-04-09 07:45,EST,13.96,P
USGS,04119070,2025-04-09 08:00,EST,13.95,P
USGS,04119070,2025-04-09 08:15,EST,13.93,P
USGS,04119070,2025-04-09 08:30,EST,13.91,P
USGS,04119070,2025-04-09 08:45,EST,13.91,P
USGS,04119070,2025-04-09 09:00,EST,13.90,P
USGS,04119070,2025-04-09 09:15,EST,13.90,P
USGS,04119070,2025-04-09 09:30,EST,13.88,P
USGS,04119070,2025-04-09 09:45,EST,13.89,P
USGS,04119070,2025-04-09 10:00,EST,13.88,P
USGS,04119070,2025-04-09 10:15,EST,13.88,P
USGS,04119070,2025-04-09 10:30,EST,13.87,P
USGS,04119070,2025-04-09 10:45,EST,13.88,P
USGS,04119070,2025-04-09 11:00,EST,13.88,P
USGS,04119070,2025-04-09 11:15,EST,13.86,P
USGS,04119070,2025-04-09 11:30,EST,13.86,P
USGS,04119070,2025-04-09 11:45,EST,13.85,P
USGS,04119070,2025-04-09 12:00,EST,13.85,P
USGS,04119070,2025-04-09 12:15,EST,13.85,P
USGS,04119070,2025-04-09 12:30,EST,13.84,P
USGS,04119070,2025-04-09 12:45,EST,13.84,P
USGS,04119070,2025-04-09 13:00,EST,13.83,P
USGS,04119070,2025-04-09 13:15,EST,13.83,P
USGS,04119070,2025-04-09 13:30,EST,13.83,P
USGS,04119070,2025-04-09 13:45,EST,13.82,P
USGS,04119070,2025-04-09 14:00,EST,13.81,P
USGS,04119070,2025-04-09 14:15,EST,13.80,P
USGS,04119070,2025-04-09 14:30,EST,13.80,P
USGS,04119070,2025-04-09 14:45,EST,13.80,P
USGS,04119070,2025-04-09 15:00,EST,13.80,P
USGS,04119070,2025-04-09 15:15,EST,13.79,P
USGS,04119070,2025-04-09 15:30,EST,13.78,P
USGS,04119070,2025-04-09 15:45,EST,13.77,P
USGS,04119070,2025-04-09 16:00,EST,13.77,P
USGS,04119070,2025-04-09 16:15,EST,13.73,P
USGS,04119070,2025-04-09 16:30,EST,13.76,P
USGS,04119070,2025-04-09 16:45,EST,13.72,P
USGS,04119070,2025-04-09 17:00,EST,13.72,P
USGS,04119070,2025-04-09 17:15,EST,13.71,P
USGS,04119070,2025-04-09 17:30,EST,13.70,P
USGS,04119070,2025-04-09 17:45,EST,13.70,P
USGS,04119070,2025-04-09 18:00,EST,13.69,P
USGS,04119070,2025-04-09 18:15,EST,13.69,P
USGS,04119070,2025-04-09 18:30,EST,13.68,P
USGS,04119070,2025-04-09 18:45,EST,13.68,P
USGS,04119070,2025-04-09 19:00,EST,13.69,P
USGS,04119070,2025-04-09 19:15,EST,13.69,P
USGS,04119070,2025-04-09 19:30,EST,13.68,P
USGS,04119070,2025-04-09 19:45,EST,13.67,P
USGS,04119070,2025-04-09 20:00,EST,13.68,P
USGS,04119070,2025-04-09 20:15,EST,13.67,P
USGS,04119070,2025-04-09 20:30,EST,13.67,P
USGS,04119070,2025-04-09 20:45,EST,13.66,P
USGS,04119070,2025-04-09 21:00,EST,13.66,P
USGS,04119070,2025-04-09 21:15,EST,13.65,P
USGS,04119070,2025-04-09 21:30,EST,13.65,P
USGS,04119070,2025-04-09 21:45,EST,13.65,P
USGS,04119070,2025-04-09 22:00,EST,13.64,P
USGS,04119070,2025-04-09 22:15,EST,13.64,P
USGS,04119070,2025-04-09 22:30,EST,13.63,P
USGS,04119070,2025-04-09 22:45,EST,13.63,P
USGS,04119070,2025-04-09 23:00,EST,13.62,P
USGS,04119070,2025-04-09 23:15,EST,13.61,P
USGS,04119070,2025-04-09 23:30,EST,13.60,P
USGS,04119070,2025-04-09 23:45,EST,13.60,P
USGS,04119070,2025-04-10 00:00,EST,13.59,P
USGS,04119070,2025-04-10 00:15,EST,13.59,P
USGS,04119070,2025-04-10 00:30,EST,13.58,P
USGS,04119070,2025-04-10 00:45,EST,13.57,P
USGS,04119070,2025-04-10 01:00,EST,13.57,P
USGS,04119070,2025-04-10 01:15,EST,13.55,P
USGS,04119070,2025-04-10 01:30,EST,13.55,P
USGS,04119070,2025-04-10 01:45,EST,13.54,P
USGS,04119070,2025-04-10 02:00,EST,13.53,P
USGS,04119070,2025-04-10 02:15,EST,13.53,P
USGS,04119070,2025-04-10 02:30,EST,13.52,P
USGS,04119070,2025-04-10 02:45,EST,13.51,P
USGS,04119070,2025-04-10 03:00,EST,13.51,P
USGS,04119070,2025-04-10 03:15,EST,13.50,P
USGS,04119070,2025-04-10 03:30,EST,13.49,P
USGS,04119070,2025-04-10 03:45,EST,13.48,P
USGS,04119070,2025-04-10 04:00,EST,13.47,P
USGS,04119070,2025-04-10 04:15,EST,13.46,P
USGS,04119070,2025-04-10 04:30,EST,13.45,P
USGS,04119070,2025-04-10 04:45,EST,13.45,P
USGS,04119070,2025-04-10 05:00,EST,13.44,P
USGS,04119070,2025-04-10 05:15,EST,13.43,P
USGS,04119070,2025-04-10 05:30,EST,13.42,P
USGS,04119070,2025-04-10 05:45,EST,13.41,P
USGS,04119070,2025-04-10 06:00,EST,13.41,P
USGS,04119070,2025-04-10 06:15,EST,13.40,P
USGS,04119070,2025-04-10 06:30,EST,13.39,P
USGS,04119070,2025-04-10 06:45,EST,13.38,P
USGS,04119070,2025-04-10 07:00,EST,13.37,P
USGS,04119070,2025-04-10 07:15,EST,13.36,P
USGS,04119070,2025-04-10 07:30,EST,13.36,P
USGS,04119070,2025-04-10 07:45,EST,13.35,P
USGS,04119070,2025-04-10 08:00,EST,13.34,P
USGS,04119070,2025-04-10 08:15,EST,13.33,P
USGS,04119070,2025-04-10 08:30,EST,13.32,P
USGS,04119070,2025-04-10 08:45,EST,13.31,P
USGS,04119070,2025-04-10 09:00,EST,13.30,P
USGS,04119070,2025-04-10 09:15,EST,13.29,P
USGS,04119070,2025-04-10 09:30,EST,13.28,P
USGS,04119070,2025-04-10 09:45,EST,13.27,P
USGS,04119070,2025-04-10 10:00,EST,13.26,P
USGS,04119070,2025-04-10 10:15,EST,13.25,P
USGS,04119070,2025-04-10 10:30,EST,13.25,P
USGS,04119070,2025-04-10 10:45,EST,13.24,P
USGS,04119070,2025-04-10 11:00,EST,13.23,P
USGS,04119070,2025-04-10 11:15,EST,13.22,P
USGS,04119070,2025-04-10 11:30,EST,13.21,P
USGS,04119070,2025-04-10 11:45,EST,13.21,P
USGS,04119070,2025-04-10 12:00,EST,13.20,P
USGS,04119070,2025-04-10 12:15,EST,13.19,P
USGS,04119070,2025-04-10 12:30,EST,13.18,P
USGS,04119070,2025-04-10 12:45,EST,13.17,P
USGS,04119070,2025-04-10 13:00,EST,13.16,P
USGS,04119070,2025-04-10 13:15,EST,13.13,P
USGS,04119070,2025-04-10 13:30,EST,13.15,P
USGS,04119070,2025-04-10 13:45,EST,13.13,P
USGS,04119070,2025-04-10 14:00,EST,13.13,P
USGS,04119070,2025-04-10 14:15,EST,13.11,P
USGS,04119070,2025-04-10 14:30,EST,13.11,P
USGS,04119070,2025-04-10 14:45,EST,13.10,P
USGS,04119070,2025-04-10 15:00,EST,13.09,P
USGS,04119070,2025-04-10 15:15,EST,13.08,P
USGS,04119070,2025-04-10 15:30,EST,13.07,P
USGS,04119070,2025-04-10 15:45,EST,13.06,P
USGS,04119070,2025-04-10 16:00,EST,13.05,P
USGS,04119070,2025-04-10 16:15,EST,13.04,P
USGS,04119070,2025-04-10 16:30,EST,13.03,P
USGS,04119070,2025-04-10 16:45,EST,13.02,P
USGS,04119070,2025-04-10 17:00,EST,13.02,P
USGS,04119070,2025-04-10 17:15,EST,13.00,P
USGS,04119070,2025-04-10 17:30,EST,12.99,P
USGS,04119070,2025-04-10 17:45,EST,12.98,P
USGS,04119070,2025-04-10 18:00,EST,12.97,P
USGS,04119070,2025-04-10 18:15,EST,12.97,P
USGS,04119070,2025-04-10 18:30,EST,12.95,P
USGS,04119070,2025-04-10 18:45,EST,12.94,P
USGS,04119070,2025-04-10 19:00,EST,12.93,P
USGS,04119070,2025-04-10 19:15,EST,12.92,P
USGS,04119070,2025-04-10 19:30,EST,12.91,P
USGS,04119070,2025-04-10 19:45,EST,12.91,P
USGS,04119070,2025-04-10 20:00,EST,12.89,P
USGS,04119070,2025-04-10 20:15,EST,12.88,P
USGS,04119070,2025-04-10 20:30,EST,12.87,P
USGS,04119070,2025-04-10 20:45,EST,12.87,P
USGS,04119070,2025-04-10 21:00,EST,12.85,P
USGS,04119070,2025-04-10 21:15,EST,12.84,P
USGS,04119070,2025-04-10 21:30,EST,12.83,P
USGS,04119070,2025-04-10 21:45,EST,12.82,P
USGS,04119070,2025-04-10 22:00,EST,12.81,P
USGS,04119070,2025-04-10 22:15,EST,12.81,P
USGS,04119070,2025-04-10 22:30,EST,12.80,P
USGS,04119070,2025-04-10 22:45,EST,12.78,P
USGS,04119070,2025-04-10 23:00,EST,12.77,P
USGS,04119070,2025-04-10 23:15,EST,12.76,P
USGS,04119070,2025-04-10 23:30,EST,12.75,P
USGS,04119070,2025-04-10 23:45,EST,12.74,P
USGS,04119070,2025-04-11 00:00,EST,12.73,P
USGS,04119070,2025-04-11 00:15,EST,12.72,P
USGS,04119070,2025-04-11 00:30,EST,12.71,P
USGS,04119070,2025-04-11 00:45,EST,12.70,P
USGS,04119070,2025-04-11 01:00,EST,12.69,P
USGS,04119070,2025-04-11 01:15,EST,12.68,P
USGS,04119070,2025-04-11 01:30,EST,12.67,P
USGS,04119070,2025-04-11 01:45,EST,12.65,P
USGS,04119070,2025-04-11 02:00,EST,12.64,P
USGS,04119070,2025-04-11 02:15,EST,12.63,P
USGS,04119070,2025-04-11 02:30,EST,12.62,P
USGS,04119070,2025-04-11 02:45,EST,12.61,P
USGS,04119070,2025-04-11 03:00,EST,12.60,P
USGS,04119070,2025-04-11 03:15,EST,12.59,P
USGS,04119070,2025-04-11 03:30,EST,12.58,P
USGS,04119070,2025-04-11 03:45,EST,12.56,P
USGS,04119070,2025-04-11 04:00,EST,12.55,P
USGS,04119070,2025-04-11 04:15,EST,12.54,P
USGS,04119070,2025-04-11 04:30,EST,12.53,P
USGS,04119070,2025-04-11 04:45,EST,12.52,P
USGS,04119070,2025-04-11 05:00,EST,12.51,P
USGS,04119070,2025-04-11 05:15,EST,12.50,P
USGS,04119070,2025-04-11 05:30,EST,12.48,P
USGS,04119070,2025-04-11 05:45,EST,12.47,P
USGS,04119070,2025-04-11 06:00,EST,12.46,P
USGS,04119070,2025-04-11 06:15,EST,12.45,P
USGS,04119070,2025-04-11 06:30,EST,12.44,P
USGS,04119070,2025-04-11 06:45,EST,12.43,P
USGS,04119070,2025-04-11 07:00,EST,12.41,P
USGS,04119070,2025-04-11 07:15,EST,12.40,P
USGS,04119070,2025-04-11 07:30,EST,12.39,P
USGS,04119070,2025-04-11 07:45,EST,12.37,P
USGS,04119070,2025-04-11 08:00,EST,12.36,P
USGS,04119070,2025-04-11 08:15,EST,12.35,P
USGS,04119070,2025-04-11 08:30,EST,12.34,P
USGS,04119070,2025-04-11 08:45,EST,12.33,P
USGS,04119070,2025-04-11 09:00,EST,12.32,P
USGS,04119070,2025-04-11 09:15,EST,12.31,P
USGS,04119070,2025-04-11 09:30,EST,12.30,P
USGS,04119070,2025-04-11 09:45,EST,12.29,P
USGS,04119070,2025-04-11 10:00,EST,12.28,P
USGS,04119070,2025-04-11 10:15,EST,12.27,P
USGS,04119070,2025-04-11 10:30,EST,12.27,P
USGS,04119070,2025-04-11 10:45,EST,12.25,P
USGS,04119070,2025-04-11 11:00,EST,12.24,P
USGS,04119070,2025-04-11 11:15,EST,12.23,P
USGS,04119070,2025-04-11 11:30,EST,12.23,P
USGS,04119070,2025-04-11 11:45,EST,12.22,P
USGS,04119070,2025-04-11 12:00,EST,12.21,P
USGS,04119070,2025-04-11 12:15,EST,12.20,P
USGS,04119070,2025-04-11 12:30,EST,12.19,P
USGS,04119070,2025-04-11 12:45,EST,12.18,P
USGS,04119070,2025-04-11 13:00,EST,12.17,P
USGS,04119070,2025-04-11 13:15,EST,12.16,P
USGS,04119070,2025-04-11 13:30,EST,12.14,P
USGS,04119070,2025-04-11 13:45,EST,12.14,P
USGS,04119070,2025-04-11 14:00,EST,12.13,P
USGS,04119070,2025-04-11 14:15,EST,12.11,P
USGS,04119070,2025-04-11 14:30,EST,12.10,P
USGS,04119070,2025-04-11 14:45,EST,12.10,P
USGS,04119070,2025-04-11 15:00,EST,12.08,P
USGS,04119070,2025-04-11 15:15,EST,12.07,P
USGS,04119070,2025-04-11 15:30,EST,12.06,P
USGS,04119070,2025-04-11 15:45,EST,12.05,P
USGS,04119070,2025-04-11 16:00,EST,12.02,P
USGS,04119070,2025-04-11 16:15,EST,12.00,P
USGS,04119070,2025-04-11 16:30,EST,12.01,P
USGS,04119070,2025-04-11 16:45,EST,12.00,P
USGS,04119070,2025-04-11 17:00,EST,11.99,P
USGS,04119070,2025-04-11 17:15,EST,11.97,P
USGS,04119070,2025-04-11 17:30,EST,11.96,P
USGS,04119070,2025-04-11 17:45,EST,11.95,P
USGS,04119070,2025-04-11 18:00,EST,11.94,P
USGS,04119070,2025-04-11 18:15,EST,11.92,P
USGS,04119070,2025-04-11 18:30,EST,11.91,P
USGS,04119070,2025-04-11 18:45,EST,11.90,P
USGS,04119070,2025-04-11 19:00,EST,11.89,P
USGS,04119070,2025-04-11 19:15,EST,11.88,P
USGS,04119070,2025-04-11 19:30,EST,11.87,P
USGS,04119070,2025-04-11 19:45,EST,11.86,P
USGS,04119070,2025-04-11 20:00,EST,11.84,P
USGS,04119070,2025-04-11 20:15,EST,11.84,P
USGS,04119070,2025-04-11 20:30,EST,11.82,P
USGS,04119070,2025-04-11 20:45,EST,11.81,P
USGS,04119070,2025-04-11 21:00,EST,11.80,P
USGS,04119070,2025-04-11 21:15,EST,11.79,P
USGS,04119070,2025-04-11 21:30,EST,11.78,P
USGS,04119070,2025-04-11 21:45,EST,11.77,P
USGS,04119070,2025-04-11 22:00,EST,11.75,P
USGS,04119070,2025-04-11 22:15,EST,11.74,P
USGS,04119070,2025-04-11 22:30,EST,11.74,P
USGS,04119070,2025-04-11 22:45,EST,11.73,P
USGS,04119070,2025-04-11 23:00,EST,11.72,P
USGS,04119070,2025-04-11 23:15,EST,11.71,P
USGS,04119070,2025-04-11 23:30,EST,11.70,P
USGS,04119070,2025-04-11 23:45,EST,11.68,P
USGS,04119070,2025-04-12 00:00,EST,11.67,P
USGS,04119070,2025-04-12 00:15,EST,11.66,P
USGS,04119070,2025-04-12 00:30,EST,11.65,P
USGS,04119070,2025-04-12 00:45,EST,11.64,P
USGS,04119070,2025-04-12 01:00,EST,11.62,P
USGS,04119070,2025-04-12 01:15,EST,11.61,P
USGS,04119070,2025-04-12 01:30,EST,11.60,P
USGS,04119070,2025-04-12 01:45,EST,11.59,P
USGS,04119070,2025-04-12 02:00,EST,11.58,P
USGS,04119070,2025-04-12 02:15,EST,11.56,P
USGS,04119070,2025-04-12 02:30,EST,11.55,P
USGS,04119070,2025-04-12 02:45,EST,11.54,P
USGS,04119070,2025-04-12 03:00,EST,11.53,P
USGS,04119070,2025-04-12 03:15,EST,11.52,P
USGS,04119070,2025-04-12 03:30,EST,11.50,P
USGS,04119070,2025-04-12 03:45,EST,11.49,P
USGS,04119070,2025-04-12 04:00,EST,11.47,P
USGS,04119070,2025-04-12 04:15,EST,11.46,P
USGS,04119070,2025-04-12 04:30,EST,11.45,P
USGS,04119070,2025-04-12 04:45,EST,11.44,P
USGS,04119070,2025-04-12 05:00,EST,11.43,P
USGS,04119070,2025-04-12 05:15,EST,11.42,P
USGS,04119070,2025-04-12 05:30,EST,11.40,P
USGS,04119070,2025-04-12 05:45,EST,11.39,P
USGS,04119070,2025-04-12 06:00,EST,11.38,P
USGS,04119070,2025-04-12 06:15,EST,11.37,P
USGS,04119070,2025-04-12 06:30,EST,11.35,P
USGS,04119070,2025-04-12 06:45,EST,11.34,P
USGS,04119070,2025-04-12 07:00,EST,11.33,P
USGS,04119070,2025-04-12 07:15,EST,11.31,P
USGS,04119070,2025-04-12 07:30,EST,11.30,P
USGS,04119070,2025-04-12 07:45,EST,11.28,P
USGS,04119070,2025-04-12 08:00,EST,11.27,P
USGS,04119070,2025-04-12 08:15,EST,11.26,P
USGS,04119070,2025-04-12 08:30,EST,11.24,P
USGS,04119070,2025-04-12 08:45,EST,11.24,P
USGS,04119070,2025-04-12 09:00,EST,11.23,P
USGS,04119070,2025-04-12 09:15,EST,11.21,P
USGS,04119070,2025-04-12 09:30,EST,11.20,P
USGS,04119070,2025-04-12 09:45,EST,11.19,P
USGS,04119070,2025-04-12 10:00,EST,11.18,P
USGS,04119070,2025-04-12 10:15,EST,11.17,P
USGS,04119070,2025-04-12 10:30,EST,11.16,P
USGS,04119070,2025-04-12 10:45,EST,11.15,P
USGS,04119070,2025-04-12 11:00,EST,11.14,P
USGS,04119070,2025-04-12 11:15,EST,11.12,P
USGS,04119070,2025-04-12 11:30,EST,11.11,P
USGS,04119070,2025-04-12 11:45,EST,11.11,P
USGS,04119070,2025-04-12 12:00,EST,11.09,P
USGS,04119070,2025-04-12 12:15,EST,11.09,P
USGS,04119070,2025-04-12 12:30,EST,11.05,P
USGS,04119070,2025-04-12 12:45,EST,11.06,P
USGS,04119070,2025-04-12 13:00,EST,11.05,P
USGS,04119070,2025-04-12 13:15,EST,11.04,P
USGS,04119070,2025-04-12 13:30,EST,11.03,P
USGS,04119070,2025-04-12 13:45,EST,11.02,P
USGS,04119070,2025-04-12 14:00,EST,11.01,P
USGS,04119070,2025-04-12 14:15,EST,11.00,P
USGS,04119070,2025-04-12 14:30,EST,10.99,P
USGS,04119070,2025-04-12 14:45,EST,10.97,P
USGS,04119070,2025-04-12 15:00,EST,10.96,P
USGS,04119070,2025-04-12 15:15,EST,10.94,P
USGS,04119070,2025-04-12 15:30,EST,10.94,P
USGS,04119070,2025-04-12 15:45,EST,10.93,P
USGS,04119070,2025-04-12 16:00,EST,10.91,P
USGS,04119070,2025-04-12 16:15,EST,10.91,P
USGS,04119070,2025-04-12 16:30,EST,10.89,P
USGS,04119070,2025-04-12 16:45,EST,10.89,P
USGS,04119070,2025-04-12 17:00,EST,10.87,P
USGS,04119070,2025-04-12 17:15,EST,10.86,P
USGS,04119070,2025-04-12 17:30,EST,10.85,P
USGS,04119070,2025-04-12 17:45,EST,10.84,P
USGS,04119070,2025-04-12 18:00,EST,10.83,P
USGS,04119070,2025-04-12 18:15,EST,10.82,P
USGS,04119070,2025-04-12 18:30,EST,10.80,P
USGS,04119070,2025-04-12 18:45,EST,10.79,P
USGS,04119070,2025-04-12 19:00,EST,10.78,P
USGS,04119070,2025-04-12 19:15,EST,10.77,P
USGS,04119070,2025-04-12 19:30,EST,10.77,P
USGS,04119070,2025-04-12 19:45,EST,10.75,P
USGS,04119070,2025-04-12 20:00,EST,10.74,P
USGS,04119070,2025-04-12 20:15,EST,10.73,P
USGS,04119070,2025-04-12 20:30,EST,10.72,P
USGS,04119070,2025-04-12 20:45,EST,10.71,P
USGS,04119070,2025-04-12 21:00,EST,10.70,P
USGS,04119070,2025-04-12 21:15,EST,10.69,P
USGS,04119070,2025-04-12 21:30,EST,10.68,P
USGS,04119070,2025-04-12 21:45,EST,10.67,P
USGS,04119070,2025-04-12 22:00,EST,10.66,P
USGS,04119070,2025-04-12 22:15,EST,10.65,P
USGS,04119070,2025-04-12 22:30,EST,10.64,P
USGS,04119070,2025-04-12 22:45,EST,10.63,P
USGS,04119070,2025-04-12 23:00,EST,10.61,P
USGS,04119070,2025-04-12 23:15,EST,10.61,P
USGS,04119070,2025-04-12 23:30,EST,10.60,P
USGS,04119070,2025-04-12 23:45,EST,10.58,P
USGS,04119070,2025-04-13 00:00,EST,10.57,P
USGS,04119070,2025-04-13 00:15,EST,10.56,P
USGS,04119070,2025-04-13 00:30,EST,10.55,P
USGS,04119070,2025-04-13 00:45,EST,10.54,P
USGS,04119070,2025-04-13 01:00,EST,10.53,P
USGS,04119070,2025-04-13 01:15,EST,10.51,P
USGS,04119070,2025-04-13 01:30,EST,10.50,P
USGS,04119070,2025-04-13 01:45,EST,10.49,P
USGS,04119070,2025-04-13 02:00,EST,10.48,P
USGS,04119070,2025-04-13 02:15,EST,10.47,P
USGS,04119070,2025-04-13 02:30,EST,10.45,P
USGS,04119070,2025-04-13 02:45,EST,10.44,P
USGS,04119070,2025-04-13 03:00,EST,10.43,P
USGS,04119070,2025-04-13 03:15,EST,10.41,P
USGS,04119070,2025-04-13 03:30,EST,10.40,P
USGS,04119070,2025-04-13 03:45,EST,10.39,P
USGS,04119070,2025-04-13 04:00,EST,10.38,P
USGS,04119070,2025-04-13 04:15,EST,10.37,P
USGS,04119070,2025-04-13 04:30,EST,10.36,P
USGS,04119070,2025-04-13 04:45,EST,10.35,P
USGS,04119070,2025-04-13 05:00,EST,10.33,P
USGS,04119070,2025-04-13 05:15,EST,10.32,P
USGS,04119070,2025-04-13 05:30,EST,10.31,P
USGS,04119070,2025-04-13 05:45,EST,10.29,P
USGS,04119070,2025-04-13 06:00,EST,10.29,P
USGS,04119070,2025-04-13 06:15,EST,10.28,P
USGS,04119070,2025-04-13 06:30,EST,10.27,P
USGS,04119070,2025-04-13 06:45,EST,10.25,P
USGS,04119070,2025-04-13 07:00,EST,10.24,P
USGS,04119070,2025-04-13 07:15,EST,10.23,P
USGS,04119070,2025-04-13 07:30,EST,10.22,P
USGS,04119070,2025-04-13 07:45,EST,10.21,P
USGS,04119070,2025-04-13 08:00,EST,10.20,P
USGS,04119070,2025-04-13 08:15,EST,10.19,P
USGS,04119070,2025-04-13 08:30,EST,10.18,P
USGS,04119070,2025-04-13 08:45,EST,10.17,P
USGS,04119070,2025-04-13 09:00,EST,10.16,P
USGS,04119070,2025-04-13 09:15,EST,10.15,P
USGS,04119070,2025-04-13 09:30,EST,10.11,P
USGS,04119070,2025-04-13 09:45,EST,10.12,P
USGS,04119070,2025-04-13 10:00,EST,10.09,P
USGS,04119070,2025-04-13 10:15,EST,10.09,P
USGS,04119070,2025-04-13 10:30,EST,10.07,P
USGS,04119070,2025-04-13 10:45,EST,10.08,P
USGS,04119070,2025-04-13 11:00,EST,10.06,P
USGS,04119070,2025-04-13 11:15,EST,10.06,P
USGS,04119070,2025-04-13 11:30,EST,10.05,P
USGS,04119070,2025-04-13 11:45,EST,10.04,P
USGS,04119070,2025-04-13 12:00,EST,10.02,P
USGS,04119070,2025-04-13 12:15,EST,10.01,P
USGS,04119070,2025-04-13 12:30,EST,10.02,P
USGS,04119070,2025-04-13 12:45,EST,10.01,P
USGS,04119070,2025-04-13 13:00,EST,9.98,P
USGS,04119070,2025-04-13 13:15,EST,9.98,P
USGS,04119070,2025-04-13 13:30,EST,9.97,P
USGS,04119070,2025-04-13 13:45,EST,9.96,P
USGS,04119070,2025-04-13 14:00,EST,9.93,P
USGS,04119070,2025-04-13 14:15,EST,9.92,P
USGS,04119070,2025-04-13 14:30,EST,9.90,P
USGS,04119070,2025-04-13 14:45,EST,9.90,P
USGS,04119070,2025-04-13 15:00,EST,9.91,P
USGS,04119070,2025-04-13 15:15,EST,9.88,P
USGS,04119070,2025-04-13 15:30,EST,9.89,P
USGS,04119070,2025-04-13 15:45,EST,9.89,P
USGS,04119070,2025-04-13 16:00,EST,9.86,P
USGS,04119070,2025-04-13 16:15,EST,9.88,P
USGS,04119070,2025-04-13 16:30,EST,9.87,P
USGS,04119070,2025-04-13 16:45,EST,9.86,P
USGS,04119070,2025-04-13 17:00,EST,9.85,P
USGS,04119070,2025-04-13 17:15,EST,9.84,P
USGS,04119070,2025-04-13 17:30,EST,9.84,P
USGS,04119070,2025-04-13 17:45,EST,9.83,P
USGS,04119070,2025-04-13 18:00,EST,9.82,P
USGS,04119070,2025-04-13 18:15,EST,9.81,P
USGS,04119070,2025-04-13 18:30,EST,9.80,P
USGS,04119070,2025-04-13 18:45,EST,9.80,P
USGS,04119070,2025-04-13 19:00,EST,9.79,P
USGS,04119070,2025-04-13 19:15,EST,9.78,P
USGS,04119070,2025-04-13 19:30,EST,9.77,P
USGS,04119070,2025-04-13 19:45,EST,9.77,P
USGS,04119070,2025-04-13 20:00,EST,9.76,P
USGS,04119070,2025-04-13 20:15,EST,9.75,P
USGS,04119070,2025-04-13 20:30,EST,9.74,P
USGS,04119070,2025-04-13 20:45,EST,9.73,P
USGS,04119070,2025-04-13 21:00,EST,9.72,P
USGS,04119070,2025-04-13 21:15,EST,9.71,P
USGS,04119070,2025-04-13 21:30,EST,9.71,P
USGS,04119070,2025-04-13 21:45,EST,9.69,P
USGS,04119070,2025-04-13 22:00,EST,9.69,P
USGS,04119070,2025-04-13 22:15,EST,9.68,P
USGS,04119070,2025-04-13 22:30,EST,9.67,P
USGS,04119070,2025-04-13 22:45,EST,9.62,P
USGS,04119070,2025-04-13 23:00,EST,9.63,P
USGS,04119070,2025-04-13 23:15,EST,9.61,P
USGS,04119070,2025-04-13 23:30,EST,9.61,P
USGS,04119070,2025-04-13 23:45,EST,9.59,P
USGS,04119070,2025-04-14 00:00,EST,9.57,P
USGS,04119070,2025-04-14 00:15,EST,9.57,P
USGS,04119070,2025-04-14 00:30,EST,9.55,P
USGS,04119070,2025-04-14 00:45,EST,9.57,P
USGS,04119070,2025-04-14 01:00,EST,9.56,P
USGS,04119070,2025-04-14 01:15,EST,9.56,P
USGS,04119070,2025-04-14 01:30,EST,9.55,P
USGS,04119070,2025-04-14 01:45,EST,9.54,P
USGS,04119070,2025-04-14 02:00,EST,9.53,P
USGS,04119070,2025-04-14 02:15,EST,9.52,P
USGS,04119070,2025-04-14 02:30,EST,9.51,P
USGS,04119070,2025-04-14 02:45,EST,9.50,P
USGS,04119070,2025-04-14 03:00,EST,9.49,P
USGS,04119070,2025-04-14 03:15,EST,9.48,P
USGS,04119070,2025-04-14 03:30,EST,9.47,P
USGS,04119070,2025-04-14 03:45,EST,9.47,P
USGS,04119070,2025-04-14 04:00,EST,9.46,P
USGS,04119070,2025-04-14 04:15,EST,9.45,P
USGS,04119070,2025-04-14 04:30,EST,9.44,P
USGS,04119070,2025-04-14 04:45,EST,9.43,P
USGS,04119070,2025-04-14 05:00,EST,9.42,P
USGS,04119070,2025-04-14 05:15,EST,9.41,P
USGS,04119070,2025-04-14 05:30,EST,9.40,P
USGS,04119070,2025-04-14 05:45,EST,9.39,P
USGS,04119070,2025-04-14 06:00,EST,9.38,P
USGS,04119070,2025-04-14 06:15,EST,9.37,P
USGS,04119070,2025-04-14 06:30,EST,9.36,P
USGS,04119070,2025-04-14 06:45,EST,9.35,P
USGS,04119070,2025-04-14 07:00,EST,9.34,P
USGS,04119070,2025-04-14 07:15,EST,9.33,P
USGS,04119070,2025-04-14 07:30,EST,9.33,P
USGS,04119070,2025-04-14 07:45,EST,9.32,P
USGS,04119070,2025-04-14 08:00,EST,9.31,P
USGS,04119070,2025-04-14 08:15,EST,9.30,P
USGS,04119070,2025-04-14 08:30,EST,9.29,P
USGS,04119070,2025-04-14 08:45,EST,9.29,P
USGS,04119070,2025-04-14 09:00,EST,9.28,P
USGS,04119070,2025-04-14 09:15,EST,9.27,P
USGS,04119070,2025-04-14 09:30,EST,9.26,P
USGS,04119070,2025-04-14 09:45,EST,9.25,P
USGS,04119070,2025-04-14 10:00,EST,9.25,P
USGS,04119070,2025-04-14 10:15,EST,9.23,P
USGS,04119070,2025-04-14 10:30,EST,9.21,P
USGS,04119070,2025-04-14 10:45,EST,9.22,P
USGS,04119070,2025-04-14 11:00,EST,9.20,P
USGS,04119070,2025-04-14 11:15,EST,9.18,P
USGS,04119070,2025-04-14 11:30,EST,9.18,P
USGS,04119070,2025-04-14 11:45,EST,9.18,P
USGS,04119070,2025-04-14 12:00,EST,9.16,P
USGS,04119070,2025-04-14 12:15,EST,9.15,P
USGS,04119070,2025-04-14 12:30,EST,9.15,P
USGS,04119070,2025-04-14 12:45,EST,9.14,P
USGS,04119070,2025-04-14 13:00,EST,9.15,P
USGS,04119070,2025-04-14 13:15,EST,9.12,P
USGS,04119070,2025-04-14 13:30,EST,9.13,P
USGS,04119070,2025-04-14 13:45,EST,9.09,P
USGS,04119070,2025-04-14 14:00,EST,9.11,P
USGS,04119070,2025-04-14 14:15,EST,9.11,P
USGS,04119070,2025-04-14 14:30,EST,9.10,P
USGS,04119070,2025-04-14 14:45,EST,9.08,P
USGS,04119070,2025-04-14 15:00,EST,9.07,P
USGS,04119070,2025-04-14 15:15,EST,9.06,P
USGS,04119070,2025-04-14 15:30,EST,9.04,P
USGS,04119070,2025-04-14 15:45,EST,9.04,P
USGS,04119070,2025-04-14 16:00,EST,9.04,P
USGS,04119070,2025-04-14 16:15,EST,9.02,P
USGS,04119070,2025-04-14 16:30,EST,9.01,P
USGS,04119070,2025-04-14 16:45,EST,8.98,P
USGS,04119070,2025-04-14 17:00,EST,8.97,P
USGS,04119070,2025-04-14 17:15,EST,8.96,P
USGS,04119070,2025-04-14 17:30,EST,8.98,P
USGS,04119070,2025-04-14 17:45,EST,8.99,P
USGS,04119070,2025-04-14 18:00,EST,8.99,P
USGS,04119070,2025-04-14 18:15,EST,8.98,P
USGS,04119070,2025-04-14 18:30,EST,8.96,P
USGS,04119070,2025-04-14 18:45,EST,8.97,P
USGS,04119070,2025-04-14 19:00,EST,8.96,P
USGS,04119070,2025-04-14 19:15,EST,8.95,P
USGS,04119070,2025-04-14 19:30,EST,8.94,P
USGS,04119070,2025-04-14 19:45,EST,8.93,P
USGS,04119070,2025-04-14 20:00,EST,8.92,P
USGS,04119070,2025-04-14 20:15,EST,8.90,P
USGS,04119070,2025-04-14 20:30,EST,8.90,P
USGS,04119070,2025-04-14 20:45,EST,8.89,P
USGS,04119070,2025-04-14 21:00,EST,8.87,P
USGS,04119070,2025-04-14 21:15,EST,8.88,P
USGS,04119070,2025-04-14 21:30,EST,8.87,P
USGS,04119070,2025-04-14 21:45,EST,8.86,P
USGS,04119070,2025-04-14 22:00,EST,8.85,P
USGS,04119070,2025-04-14 22:15,EST,8.84,P
USGS,04119070,2025-04-14 22:30,EST,8.83,P
USGS,04119070,2025-04-14 22:45,EST,8.82,P
USGS,04119070,2025-04-14 23:00,EST,8.81,P
USGS,04119070,2025-04-14 23:15,EST,8.78,P
USGS,04119070,2025-04-14 23:30,EST,8.79,P
USGS,04119070,2025-04-14 23:45,EST,8.77,P
USGS,04119070,2025-04-15 00:00,EST,8.77,P
USGS,04119070,2025-04-15 00:15,EST,8.76,P
USGS,04119070,2025-04-15 00:30,EST,8.74,P
USGS,04119070,2025-04-15 00:45,EST,8.73,P
USGS,04119070,2025-04-15 01:00,EST,8.73,P
USGS,04119070,2025-04-15 01:15,EST,8.72,P
USGS,04119070,2025-04-15 01:30,EST,8.70,P
USGS,04119070,2025-04-15 01:45,EST,8.69,P
USGS,04119070,2025-04-15 02:00,EST,8.68,P
USGS,04119070,2025-04-15 02:15,EST,8.67,P
USGS,04119070,2025-04-15 02:30,EST,8.66,P
USGS,04119070,2025-04-15 02:45,EST,8.65,P
USGS,04119070,2025-04-15 03:00,EST,8.64,P
USGS,04119070,2025-04-15 03:15,EST,8.63,P
USGS,04119070,2025-04-15 03:30,EST,8.62,P
USGS,04119070,2025-04-15 03:45,EST,8.59,P
USGS,04119070,2025-04-15 04:00,EST,8.60,P
USGS,04119070,2025-04-15 04:15,EST,8.57,P
USGS,04119070,2025-04-15 04:30,EST,8.56,P
USGS,04119070,2025-04-15 04:45,EST,8.59,P
USGS,04119070,2025-04-15 05:00,EST,8.58,P
USGS,04119070,2025-04-15 05:15,EST,8.57,P
USGS,04119070,2025-04-15 05:30,EST,8.56,P
USGS,04119070,2025-04-15 05:45,EST,8.56,P
USGS,04119070,2025-04-15 06:00,EST,8.54,P
USGS,04119070,2025-04-15 06:15,EST,8.51,P
USGS,04119070,2025-04-15 06:30,EST,8.54,P
USGS,04119070,2025-04-15 06:45,EST,8.52,P
USGS,04119070,2025-04-15 07:00,EST,8.52,P
USGS,04119070,2025-04-15 07:15,EST,8.51,P
USGS,04119070,2025-04-15 07:30,EST,8.51,P
USGS,04119070,2025-04-15 07:45,EST,8.50,P
USGS,04119070,2025-04-15 08:00,EST,8.49,P
USGS,04119070,2025-04-15 08:15,EST,8.46,P
USGS,04119070,2025-04-15 08:30,EST,8.48,P
USGS,04119070,2025-04-15 08:45,EST,8.47,P
USGS,04119070,2025-04-15 09:00,EST,8.45,P
USGS,04119070,2025-04-15 09:15,EST,8.46,P
USGS,04119070,2025-04-15 09:30,EST,8.42,P
USGS,04119070,2025-04-15 09:45,EST,8.43,P
USGS,04119070,2025-04-15 10:00,EST,8.44,P
USGS,04119070,2025-04-15 10:15,EST,8.40,P
USGS,04119070,2025-04-15 10:30,EST,8.42,P
USGS,04119070,2025-04-15 10:45,EST,8.43,P
USGS,04119070,2025-04-15 11:00,EST,8.42,P
USGS,04119070,2025-04-15 11:15,EST,8.40,P
USGS,04119070,2025-04-15 11:30,EST,8.41,P
USGS,04119070,2025-04-15 11:45,EST,8.41,P
USGS,04119070,2025-04-15 12:00,EST,8.37,P
USGS,04119070,2025-04-15 12:15,EST,8.37,P
USGS,04119070,2025-04-15 12:30,EST,8.35,P
USGS,04119070,2025-04-15 12:45,EST,8.36,P
USGS,04119070,2025-04-15 13:00,EST,8.36,P
USGS,04119070,2025-04-15 13:15,EST,8.34,P
USGS,04119070,2025-04-15 13:30,EST,8.36,P
USGS,04119070,2025-04-15 13:45,EST,8.35,P
USGS,04119070,2025-04-15 14:00,EST,8.35,P
USGS,04119070,2025-04-15 14:15,EST,8.31,P
USGS,04119070,2025-04-15 14:30,EST,8.32,P
USGS,04119070,2025-04-15 14:45,EST,8.30,P
USGS,04119070,2025-04-15 15:00,EST,8.30,P
USGS,04119070,2025-04-15 15:15,EST,8.30,P
USGS,04119070,2025-04-15 15:30,EST,8.32,P
USGS,04119070,2025-04-15 15:45,EST,8.30,P
USGS,04119070,2025-04-15 16:00,EST,8.30,P
USGS,04119070,2025-04-15 16:15,EST,8.29,P
USGS,04119070,2025-04-15 16:30,EST,8.28,P
USGS,04119070,2025-04-15 16:45,EST,8.24,P
USGS,04119070,2025-04-15 17:00,EST,8.28,P
USGS,04119070,2025-04-15 17:15,EST,8.26,P
USGS,04119070,2025-04-15 17:30,EST,8.26,P
USGS,04119070,2025-04-15 17:45,EST,8.25,P
USGS,04119070,2025-04-15 18:00,EST,8.27,P
USGS,04119070,2025-04-15 18:15,EST,8.26,P
USGS,04119070,2025-04-15 18:30,EST,8.26,P
USGS,04119070,2025-04-15 18:45,EST,8.25,P
USGS,04119070,2025-04-15 19:00,EST,8.25,P
USGS,04119070,2025-04-15 19:15,EST,8.25,P
USGS,04119070,2025-04-15 19:30,EST,8.24,P
USGS,04119070,2025-04-15 19:45,EST,8.23,P
USGS,04119070,2025-04-15 20:00,EST,8.23,P
USGS,04119070,2025-04-15 20:15,EST,8.22,P
USGS,04119070,2025-04-15 20:30,EST,8.22,P
USGS,04119070,2025-04-15 20:45,EST,8.22,P
USGS,04119070,2025-04-15 21:00,EST,8.21,P
USGS,04119070,2025-04-15 21:15,EST,8.21,P
USGS,04119070,2025-04-15 21:30,EST,8.21,P
USGS,04119070,2025-04-15 21:45,EST,8.20,P
USGS,04119070,2025-04-15 22:00,EST,8.20,P
USGS,04119070,2025-04-15 22:15,EST,8.19,P
USGS,04119070,2025-04-15 22:30,EST,8.19,P
USGS,04119070,2025-04-15 22:45,EST,8.19,P
USGS,04119070,2025-04-15 23:00,EST,8.18,P
USGS,04119070,2025-04-15 23:15,EST,8.19,P
USGS,04119070,2025-04-15 23:30,EST,8.19,P
USGS,04119070,2025-04-15 23:45,EST,8.19,P
USGS,04119070,2025-04-16 00:00,EST,8.18,P
USGS,04119070,2025-04-16 00:15,EST,8.18,P
USGS,04119070,2025-04-16 00:30,EST,8.18,P
USGS,04119070,2025-04-16 00:45,EST,8.17,P
USGS,04119070,2025-04-16 01:00,EST,8.17,P
USGS,04119070,2025-04-16 01:15,EST,8.16,P
USGS,04119070,2025-04-16 01:30,EST,8.16,P
USGS,04119070,2025-04-16 01:45,EST,8.16,P
USGS,04119070,2025-04-16 02:00,EST,8.16,P
USGS,04119070,2025-04-16 02:15,EST,8.15,P
USGS,04119070,2025-04-16 02:30,EST,8.15,P
USGS,04119070,2025-04-16 02:45,EST,8.14,P
USGS,04119070,2025-04-16 03:00,EST,8.14,P
USGS,04119070,2025-04-16 03:15,EST,8.13,P
USGS,04119070,2025-04-16 03:30,EST,8.13,P
USGS,04119070,2025-04-16 03:45,EST,8.13,P
USGS,04119070,2025-04-16 04:00,EST,8.12,P
USGS,04119070,2025-04-16 04:15,EST,8.11,P
USGS,04119070,2025-04-16 04:30,EST,8.11,P
USGS,04119070,2025-04-16 04:45,EST,8.11,P
USGS,04119070,2025-04-16 05:00,EST,8.10,P
USGS,04119070,2025-04-16 05:15,EST,8.10,P
USGS,04119070,2025-04-16 05:30,EST,8.09,P
USGS,04119070,2025-04-16 05:45,EST,8.09,P
USGS,04119070,2025-04-16 06:00,EST,8.08,P
USGS,04119070,2025-04-16 06:15,EST,8.07,P
USGS,04119070,2025-04-16 06:30,EST,8.07,P
USGS,04119070,2025-04-16 06:45,EST,8.07,P
USGS,04119070,2025-04-16 07:00,EST,8.06,P
USGS,04119070,2025-04-16 07:15,EST,8.05,P
USGS,04119070,2025-04-16 07:30,EST,8.05,P
USGS,04119070,2025-04-16 07:45,EST,8.04,P
USGS,04119070,2025-04-16 08:00,EST,8.04,P
USGS,04119070,2025-04-16 08:15,EST,8.04,P
USGS,04119070,2025-04-16 08:30,EST,8.03,P
USGS,04119070,2025-04-16 08:45,EST,8.02,P
USGS,04119070,2025-04-16 09:00,EST,7.99,P
USGS,04119070,2025-04-16 09:15,EST,8.02,P
USGS,04119070,2025-04-16 09:30,EST,8.01,P
USGS,04119070,2025-04-16 09:45,EST,8.01,P
USGS,04119070,2025-04-16 10:00,EST,8.01,P
USGS,04119070,2025-04-16 10:15,EST,7.98,P
USGS,04119070,2025-04-16 10:30,EST,7.99,P
USGS,04119070,2025-04-16 10:45,EST,7.99,P
USGS,04119070,2025-04-16 11:00,EST,8.00,P
USGS,04119070,2025-04-16 11:15,EST,7.99,P
USGS,04119070,2025-04-16 11:30,EST,7.99,P
USGS,04119070,2025-04-16 11:45,EST,7.97,P
USGS,04119070,2025-04-16 12:00,EST,7.98,P
USGS,04119070,2025-04-16 12:15,EST,7.98,P
USGS,04119070,2025-04-16 12:30,EST,7.95,P
USGS,04119070,2025-04-16 12:45,EST,7.94,P
USGS,04119070,2025-04-16 13:00,EST,7.96,P
USGS,04119070,2025-04-16 13:15,EST,7.95,P
USGS,04119070,2025-04-16 13:30,EST,7.95,P
USGS,04119070,2025-04-16 13:45,EST,7.94,P
USGS,04119070,2025-04-16 14:00,EST,7.92,P
USGS,04119070,2025-04-16 14:15,EST,7.92,P
USGS,04119070,2025-04-16 14:30,EST,7.88,P
USGS,04119070,2025-04-16 14:45,EST,7.90,P
USGS,04119070,2025-04-16 15:00,EST,7.91,P
USGS,04119070,2025-04-16 15:15,EST,7.89,P
USGS,04119070,2025-04-16 15:30,EST,7.92,P
USGS,04119070,2025-04-16 15:45,EST,7.91,P
USGS,04119070,2025-04-16 16:00,EST,7.91,P
USGS,04119070,2025-04-16 16:15,EST,7.89,P
USGS,04119070,2025-04-16 16:30,EST,7.90,P
USGS,04119070,2025-04-16 16:45,EST,7.90,P
USGS,04119070,2025-04-16 17:00,EST,7.89,P
USGS,04119070,2025-04-16 17:15,EST,7.89,P
USGS,04119070,2025-04-16 17:30,EST,7.88,P
USGS,04119070,2025-04-16 17:45,EST,7.86,P
USGS,04119070,2025-04-16 18:00,EST,7.88,P
USGS,04119070,2025-04-16 18:15,EST,7.87,P
USGS,04119070,2025-04-16 18:30,EST,7.87,P
USGS,04119070,2025-04-16 18:45,EST,7.86,P
USGS,04119070,2025-04-16 19:00,EST,7.86,P
USGS,04119070,2025-04-16 19:15,EST,7.85,P
USGS,04119070,2025-04-16 19:30,EST,7.85,P
USGS,04119070,2025-04-16 19:45,EST,7.84,P
USGS,04119070,2025-04-16 20:00,EST,7.84,P
USGS,04119070,2025-04-16 20:15,EST,7.84,P
USGS,04119070,2025-04-16 20:30,EST,7.83,P
USGS,04119070,2025-04-16 20:45,EST,7.83,P
USGS,04119070,2025-04-16 21:00,EST,7.83,P
USGS,04119070,2025-04-16 21:15,EST,7.83,P
USGS,04119070,2025-04-16 21:30,EST,7.82,P
USGS,04119070,2025-04-16 21:45,EST,7.82,P
USGS,04119070,2025-04-16 22:00,EST,7.81,P
USGS,04119070,2025-04-16 22:15,EST,7.82,P
USGS,04119070,2025-04-16 22:30,EST,7.81,P
USGS,04119070,2025-04-16 22:45,EST,7.80,P
USGS,04119070,2025-04-16 23:00,EST,7.80,P
USGS,04119070,2025-04-16 23:15,EST,7.80,P
USGS,04119070,2025-04-16 23:30,EST,7.79,P
USGS,04119070,2025-04-16 23:45,EST,7.78,P
USGS,04119070,2025-04-17 00:00,EST,7.78,P
USGS,04119070,2025-04-17 00:15,EST,7.78,P
USGS,04119070,2025-04-17 00:30,EST,7.77,P
USGS,04119070,2025-04-17 00:45,EST,7.76,P
USGS,04119070,2025-04-17 01:00,EST,7.76,P
USGS,04119070,2025-04-17 01:15,EST,7.75,P
USGS,04119070,2025-04-17 01:30,EST,7.75,P
USGS,04119070,2025-04-17 01:45,EST,7.74,P
USGS,04119070,2025-04-17 02:00,EST,7.74,P
USGS,04119070,2025-04-17 02:15,EST,7.74,P
USGS,04119070,2025-04-17 02:30,EST,7.73,P
USGS,04119070,2025-04-17 02:45,EST,7.73,P
USGS,04119070,2025-04-17 03:00,EST,7.71,P
USGS,04119070,2025-04-17 03:15,EST,7.71,P
USGS,04119070,2025-04-17 03:30,EST,7.70,P
USGS,04119070,2025-04-17 03:45,EST,7.70,P
USGS,04119070,2025-04-17 04:00,EST,7.69,P
USGS,04119070,2025-04-17 04:15,EST,7.68,P
USGS,04119070,2025-04-17 04:30,EST,7.68,P
USGS,04119070,2025-04-17 04:45,EST,7.68,P
USGS,04119070,2025-04-17 05:00,EST,7.67,P
USGS,04119070,2025-04-17 05:15,EST,7.66,P
USGS,04119070,2025-04-17 05:30,EST,7.66,P
USGS,04119070,2025-04-17 05:45,EST,7.65,P
USGS,04119070,2025-04-17 06:00,EST,7.65,P
USGS,04119070,2025-04-17 06:15,EST,7.64,P
USGS,04119070,2025-04-17 06:30,EST,7.64,P
USGS,04119070,2025-04-17 06:45,EST,7.63,P
USGS,04119070,2025-04-17 07:00,EST,7.62,P
USGS,04119070,2025-04-17 07:15,EST,7.62,P
USGS,04119070,2025-04-17 07:30,EST,7.61,P
USGS,04119070,2025-04-17 07:45,EST,7.60,P
USGS,04119070,2025-04-17 08:00,EST,7.59,P
USGS,04119070,2025-04-17 08:15,EST,7.59,P
USGS,04119070,2025-04-17 08:30,EST,7.58,P
USGS,04119070,2025-04-17 08:45,EST,7.55,P
USGS,04119070,2025-04-17 09:00,EST,7.57,P
USGS,04119070,2025-04-17 09:15,EST,7.55,P
USGS,04119070,2025-04-17 09:30,EST,7.57,P
USGS,04119070,2025-04-17 09:45,EST,7.56,P
USGS,04119070,2025-04-17 10:00,EST,7.55,P
USGS,04119070,2025-04-17 10:15,EST,7.55,P
USGS,04119070,2025-04-17 10:30,EST,7.55,P
USGS,04119070,2025-04-17 10:45,EST,7.53,P
USGS,04119070,2025-04-17 11:00,EST,7.54,P
USGS,04119070,2025-04-17 11:15,EST,7.50,P
USGS,04119070,2025-04-17 11:30,EST,7.51,P
USGS,04119070,2025-04-17 11:45,EST,7.51,P
USGS,04119070,2025-04-17 12:00,EST,7.48,P
USGS,04119070,2025-04-17 12:15,EST,7.50,P
USGS,04119070,2025-04-17 12:30,EST,7.49,P
USGS,04119070,2025-04-17 12:45,EST,7.49,P
USGS,04119070,2025-04-17 13:00,EST,7.50,P
USGS,04119070,2025-04-17 13:15,EST,7.48,P
USGS,04119070,2025-04-17 13:30,EST,7.46,P
USGS,04119070,2025-04-17 13:45,EST,7.45,P
USGS,04119070,2025-04-17 14:00,EST,7.48,P
USGS,04119070,2025-04-17 14:15,EST,7.44,P
USGS,04119070,2025-04-17 14:30,EST,7.43,P
USGS,04119070,2025-04-17 14:45,EST,7.44,P
USGS,04119070,2025-04-17 15:00,EST,7.44,P
USGS,04119070,2025-04-17 15:15,EST,7.42,P
USGS,04119070,2025-04-17 15:30,EST,7.42,P
USGS,04119070,2025-04-17 15:45,EST,7.41,P
USGS,04119070,2025-04-17 16:00,EST,7.41,P
USGS,04119070,2025-04-17 16:15,EST,7.41,P
USGS,04119070,2025-04-17 16:30,EST,7.41,P
USGS,04119070,2025-04-17 16:45,EST,7.40,P
USGS,04119070,2025-04-17 17:00,EST,7.39,P
USGS,04119070,2025-04-17 17:15,EST,7.40,P
USGS,04119070,2025-04-17 17:30,EST,7.40,P
USGS,04119070,2025-04-17 17:45,EST,7.39,P
USGS,04119070,2025-04-17 18:00,EST,7.41,P
USGS,04119070,2025-04-17 18:15,EST,7.39,P
USGS,04119070,2025-04-17 18:30,EST,7.41,P
USGS,04119070,2025-04-17 18:45,EST,7.41,P
USGS,04119070,2025-04-17 19:00,EST,7.41,P
USGS,04119070,2025-04-17 19:15,EST,7.41,P
USGS,04119070,2025-04-17 19:30,EST,7.41,P
USGS,04119070,2025-04-17 19:45,EST,7.40,P
USGS,04119070,2025-04-17 20:00,EST,7.40,P
USGS,04119070,2025-04-17 20:15,EST,7.40,P
USGS,04119070,2025-04-17 20:30,EST,7.40,P
USGS,04119070,2025-04-17 20:45,EST,7.39,P
USGS,04119070,2025-04-17 21:00,EST,7.36,P
USGS,04119070,2025-04-17 21:15,EST,7.38,P
USGS,04119070,2025-04-17 21:30,EST,7.38,P
USGS,04119070,2025-04-17 21:45,EST,7.38,P
USGS,04119070,2025-04-17 22:00,EST,7.37,P
USGS,04119070,2025-04-17 22:15,EST,7.34,P
USGS,04119070,2025-04-17 22:30,EST,7.37,P
USGS,04119070,2025-04-17 22:45,EST,7.35,P
USGS,04119070,2025-04-17 23:00,EST,7.33,P
USGS,04119070,2025-04-17 23:15,EST,7.35,P
USGS,04119070,2025-04-17 23:30,EST,7.34,P
USGS,04119070,2025-04-17 23:45,EST,7.33,P
USGS,04119070,2025-04-18 00:00,EST,7.34,P
USGS,04119070,2025-04-18 00:15,EST,7.33,P
USGS,04119070,2025-04-18 00:30,EST,7.31,P
USGS,04119070,2025-04-18 00:45,EST,7.32,P
USGS,04119070,2025-04-18 01:00,EST,7.30,P
USGS,04119070,2025-04-18 01:15,EST,7.30,P
USGS,04119070,2025-04-18 01:30,EST,7.27,P
USGS,04119070,2025-04-18 01:45,EST,7.29,P
USGS,04119070,2025-04-18 02:00,EST,7.31,P
USGS,04119070,2025-04-18 02:15,EST,7.29,P
USGS,04119070,2025-04-18 02:30,EST,7.27,P
USGS,04119070,2025-04-18 02:45,EST,7.27,P
USGS,04119070,2025-04-18 03:00,EST,7.28,P
USGS,04119070,2025-04-18 03:15,EST,7.24,P
USGS,04119070,2025-04-18 03:30,EST,7.24,P
USGS,04119070,2025-04-18 03:45,EST,7.25,P
USGS,04119070,2025-04-18 04:00,EST,7.23,P
USGS,04119070,2025-04-18 04:15,EST,7.21,P
USGS,04119070,2025-04-18 04:30,EST,7.20,P
USGS,04119070,2025-04-18 04:45,EST,7.19,P
USGS,04119070,2025-04-18 05:00,EST,7.19,P
USGS,04119070,2025-04-18 05:15,EST,7.19,P
USGS,04119070,2025-04-18 05:30,EST,7.19,P
USGS,04119070,2025-04-18 05:45,EST,7.22,P
USGS,04119070,2025-04-18 06:00,EST,7.22,P
USGS,04119070,2025-04-18 06:15,EST,7.22,P
USGS,04119070,2025-04-18 06:30,EST,7.22,P
USGS,04119070,2025-04-18 06:45,EST,7.21,P
USGS,04119070,2025-04-18 07:00,EST,7.21,P
USGS,04119070,2025-04-18 07:15,EST,7.21,P
USGS,04119070,2025-04-18 07:30,EST,7.21,P
USGS,04119070,2025-04-18 07:45,EST,7.21,P
USGS,04119070,2025-04-18 08:00,EST,7.18,P
USGS,04119070,2025-04-18 08:15,EST,7.17,P
USGS,04119070,2025-04-18 08:30,EST,7.18,P
USGS,04119070,2025-04-18 08:45,EST,7.19,P
USGS,04119070,2025-04-18 09:00,EST,7.18,P
USGS,04119070,2025-04-18 09:15,EST,7.21,P
USGS,04119070,2025-04-18 09:30,EST,7.18,P
USGS,04119070,2025-04-18 09:45,EST,7.26,P
USGS,04119070,2025-04-18 10:00,EST,7.27,P
USGS,04119070,2025-04-18 10:15,EST,7.34,P
USGS,04119070,2025-04-18 10:30,EST,7.39,P
USGS,04119070,2025-04-18 10:45,EST,7.52,P
USGS,04119070,2025-04-18 11:00,EST,7.56,P
USGS,04119070,2025-04-18 11:15,EST,7.61,P
USGS,04119070,2025-04-18 11:30,EST,7.67,P
USGS,04119070,2025-04-18 11:45,EST,7.72,P
USGS,04119070,2025-04-18 12:00,EST,7.75,P
USGS,04119070,2025-04-18 12:15,EST,7.78,P
USGS,04119070,2025-04-18 12:30,EST,7.79,P
USGS,04119070,2025-04-18 12:45,EST,7.81,P
USGS,04119070,2025-04-18 13:00,EST,7.82,P
USGS,04119070,2025-04-18 13:15,EST,7.84,P
USGS,04119070,2025-04-18 13:30,EST,7.85,P
USGS,04119070,2025-04-18 13:45,EST,7.86,P
USGS,04119070,2025-04-18 14:00,EST,7.86,P
USGS,04119070,2025-04-18 14:15,EST,7.87,P
USGS,04119070,2025-04-18 14:30,EST,7.88,P
USGS,04119070,2025-04-18 14:45,EST,7.89,P
USGS,04119070,2025-04-18 15:00,EST,7.90,P
USGS,04119070,2025-04-18 15:15,EST,7.91,P
USGS,04119070,2025-04-18 15:30,EST,7.92,P
USGS,04119070,2025-04-18 15:45,EST,7.92,P
USGS,04119070,2025-04-18 16:00,EST,7.93,P
USGS,04119070,2025-04-18 16:15,EST,7.94,P
USGS,04119070,2025-04-18 16:30,EST,7.95,P
USGS,04119070,2025-04-18 16:45,EST,7.96,P
USGS,04119070,2025-04-18 17:00,EST,7.96,P
USGS,04119070,2025-04-18 17:15,EST,7.95,P
USGS,04119070,2025-04-18 17:30,EST,7.98,P
USGS,04119070,2025-04-18 17:45,EST,7.98,P
USGS,04119070,2025-04-18 18:00,EST,7.99,P
USGS,04119070,2025-04-18 18:15,EST,7.99,P
USGS,04119070,2025-04-18 18:30,EST,8.00,P
USGS,04119070,2025-04-18 18:45,EST,7.99,P
USGS,04119070,2025-04-18 19:00,EST,7.99,P
USGS,04119070,2025-04-18 19:15,EST,8.02,P
USGS,04119070,2025-04-18 19:30,EST,8.02,P
USGS,04119070,2025-04-18 19:45,EST,8.03,P
USGS,04119070,2025-04-18 20:00,EST,8.03,P
USGS,04119070,2025-04-18 20:15,EST,8.03,P
USGS,04119070,2025-04-18 20:30,EST,8.03,P
USGS,04119070,2025-04-18 20:45,EST,8.03,P
USGS,04119070,2025-04-18 21:00,EST,8.03,P
USGS,04119070,2025-04-18 21:15,EST,8.02,P
USGS,04119070,2025-04-18 21:30,EST,7.99,P
USGS,04119070,2025-04-18 21:45,EST,8.00,P
USGS,04119070,2025-04-18 22:00,EST,8.00,P
USGS,04119070,2025-04-18 22:15,EST,8.01,P
USGS,04119070,2025-04-18 22:30,EST,8.00,P
USGS,04119070,2025-04-18 22:45,EST,8.01,P
USGS,04119070,2025-04-18 23:00,EST,8.00,P
USGS,04119070,2025-04-18 23:15,EST,8.01,P
USGS,04119070,2025-04-18 23:30,EST,8.01,P
USGS,04119070,2025-04-18 23:45,EST,8.00,P
USGS,04119070,2025-04-19 00:00,EST,7.99,P
USGS,04119070,2025-04-19 00:15,EST,7.99,P
USGS,04119070,2025-04-19 00:30,EST,8.02,P
USGS,04119070,2025-04-19 00:45,EST,8.01,P
USGS,04119070,2025-04-19 01:00,EST,8.00,P
USGS,04119070,2025-04-19 01:15,EST,8.04,P
USGS,04119070,2025-04-19 01:30,EST,8.06,P
USGS,04119070,2025-04-19 01:45,EST,8.09,P
USGS,04119070,2025-04-19 02:00,EST,8.11,P
USGS,04119070,2025-04-19 02:15,EST,8.13,P
USGS,04119070,2025-04-19 02:30,EST,8.15,P
USGS,04119070,2025-04-19 02:45,EST,8.20,P
USGS,04119070,2025-04-19 03:00,EST,8.21,P
USGS,04119070,2025-04-19 03:15,EST,8.23,P
USGS,04119070,2025-04-19 03:30,EST,8.23,P
USGS,04119070,2025-04-19 03:45,EST,8.24,P
USGS,04119070,2025-04-19 04:00,EST,8.24,P
USGS,04119070,2025-04-19 04:15,EST,8.26,P
USGS,04119070,2025-04-19 04:30,EST,8.25,P
USGS,04119070,2025-04-19 04:45,EST,8.25,P
USGS,04119070,2025-04-19 05:00,EST,8.26,P
USGS,04119070,2025-04-19 05:15,EST,8.28,P
USGS,04119070,2025-04-19 05:30,EST,8.28,P
USGS,04119070,2025-04-19 05:45,EST,8.28,P
USGS,04119070,2025-04-19 06:00,EST,8.29,P
USGS,04119070,2025-04-19 06:15,EST,8.29,P
USGS,04119070,2025-04-19 06:30,EST,8.30,P
USGS,04119070,2025-04-19 06:45,EST,8.30,P
USGS,04119070,2025-04-19 07:00,EST,8.30,P
USGS,04119070,2025-04-19 07:15,EST,8.30,P
USGS,04119070,2025-04-19 07:30,EST,8.30,P
USGS,04119070,2025-04-19 07:45,EST,8.31,P
USGS,04119070,2025-04-19 08:00,EST,8.31,P
USGS,04119070,2025-04-19 08:15,EST,8.31,P
USGS,04119070,2025-04-19 08:30,EST,8.31,P
USGS,04119070,2025-04-19 08:45,EST,8.31,P
USGS,04119070,2025-04-19 09:00,EST,8.31,P
USGS,04119070,2025-04-19 09:15,EST,8.31,P
USGS,04119070,2025-04-19 09:30,EST,8.30,P
USGS,04119070,2025-04-19 09:45,EST,8.31,P
USGS,04119070,2025-04-19 10:00,EST,8.30,P
USGS,04119070,2025-04-19 10:15,EST,8.30,P
USGS,04119070,2025-04-19 10:30,EST,8.30,P
USGS,04119070,2025-04-19 10:45,EST,8.29,P
USGS,04119070,2025-04-19 11:00,EST,8.29,P
USGS,04119070,2025-04-19 11:15,EST,8.29,P
USGS,04119070,2025-04-19 11:30,EST,8.28,P
USGS,04119070,2025-04-19 11:45,EST,8.28,P
USGS,04119070,2025-04-19 12:00,EST,8.28,P
USGS,04119070,2025-04-19 12:15,EST,8.27,P
USGS,04119070,2025-04-19 12:30,EST,8.27,P
USGS,04119070,2025-04-19 12:45,EST,8.27,P
USGS,04119070,2025-04-19 13:00,EST,8.26,P
USGS,04119070,2025-04-19 13:15,EST,8.26,P
USGS,04119070,2025-04-19 13:30,EST,8.25,P
USGS,04119070,2025-04-19 13:45,EST,8.25,P
USGS,04119070,2025-04-19 14:00,EST,8.24,P
USGS,04119070,2025-04-19 14:15,EST,8.23,P
USGS,04119070,2025-04-19 14:30,EST,8.22,P
USGS,04119070,2025-04-19 14:45,EST,8.23,P
USGS,04119070,2025-04-19 15:00,EST,8.23,P
USGS,04119070,2025-04-19 15:15,EST,8.22,P
USGS,04119070,2025-04-19 15:30,EST,8.21,P
USGS,04119070,2025-04-19 15:45,EST,8.21,P
USGS,04119070,2025-04-19 16:00,EST,8.20,P
USGS,04119070,2025-04-19 16:15,EST,8.20,P
USGS,04119070,2025-04-19 16:30,EST,8.19,P
USGS,04119070,2025-04-19 16:45,EST,8.18,P
USGS,04119070,2025-04-19 17:00,EST,8.17,P
USGS,04119070,2025-04-19 17:15,EST,8.17,P
USGS,04119070,2025-04-19 17:30,EST,8.16,P
USGS,04119070,2025-04-19 17:45,EST,8.16,P
USGS,04119070,2025-04-19 18:00,EST,8.15,P
USGS,04119070,2025-04-19 18:15,EST,8.15,P
USGS,04119070,2025-04-19 18:30,EST,8.14,P
USGS,04119070,2025-04-19 18:45,EST,8.14,P
USGS,04119070,2025-04-19 19:00,EST,8.13,P
USGS,04119070,2025-04-19 19:15,EST,8.12,P
USGS,04119070,2025-04-19 19:30,EST,8.12,P
USGS,04119070,2025-04-19 19:45,EST,8.11,P
USGS,04119070,2025-04-19 20:00,EST,8.11,P
USGS,04119070,2025-04-19 20:15,EST,8.10,P
USGS,04119070,2025-04-19 20:30,EST,8.10,P
USGS,04119070,2025-04-19 20:45,EST,8.09,P
USGS,04119070,2025-04-19 21:00,EST,8.08,P
USGS,04119070,2025-04-19 21:15,EST,8.08,P
USGS,04119070,2025-04-19 21:30,EST,8.07,P
USGS,04119070,2025-04-19 21:45,EST,8.07,P
USGS,04119070,2025-04-19 22:00,EST,8.06,P
USGS,04119070,2025-04-19 22:15,EST,8.06,P
USGS,04119070,2025-04-19 22:30,EST,8.06,P
USGS,04119070,2025-04-19 22:45,EST,8.05,P
USGS,04119070,2025-04-19 23:00,EST,8.05,P
USGS,04119070,2025-04-19 23:15,EST,8.04,P
USGS,04119070,2025-04-19 23:30,EST,8.03,P
USGS,04119070,2025-04-19 23:45,EST,8.03,P
USGS,04119070,2025-04-20 00:00,EST,8.03,P
USGS,04119070,2025-04-20 00:15,EST,8.02,P
USGS,04119070,2025-04-20 00:30,EST,8.02,P
USGS,04119070,2025-04-20 00:45,EST,8.01,P
USGS,04119070,2025-04-20 01:00,EST,8.00,P
USGS,04119070,2025-04-20 01:15,EST,8.00,P
USGS,04119070,2025-04-20 01:30,EST,7.99,P
USGS,04119070,2025-04-20 01:45,EST,7.99,P
USGS,04119070,2025-04-20 02:00,EST,7.98,P
USGS,04119070,2025-04-20 02:15,EST,7.98,P
USGS,04119070,2025-04-20 02:30,EST,7.97,P
USGS,04119070,2025-04-20 02:45,EST,7.97,P
USGS,04119070,2025-04-20 03:00,EST,7.96,P
USGS,04119070,2025-04-20 03:15,EST,7.96,P
USGS,04119070,2025-04-20 03:30,EST,7.95,P
USGS,04119070,2025-04-20 03:45,EST,7.95,P
USGS,04119070,2025-04-20 04:00,EST,7.94,P
USGS,04119070,2025-04-20 04:15,EST,7.94,P
USGS,04119070,2025-04-20 04:30,EST,7.93,P
USGS,04119070,2025-04-20 04:45,EST,7.92,P
USGS,04119070,2025-04-20 05:00,EST,7.92,P
USGS,04119070,2025-04-20 05:15,EST,7.91,P
USGS,04119070,2025-04-20 05:30,EST,7.91,P
USGS,04119070,2025-04-20 05:45,EST,7.90,P
USGS,04119070,2025-04-20 06:00,EST,7.89,P
USGS,04119070,2025-04-20 06:15,EST,7.89,P
USGS,04119070,2025-04-20 06:30,EST,7.88,P
USGS,04119070,2025-04-20 06:45,EST,7.87,P
USGS,04119070,2025-04-20 07:00,EST,7.87,P
USGS,04119070,2025-04-20 07:15,EST,7.86,P
USGS,04119070,2025-04-20 07:30,EST,7.84,P
USGS,04119070,2025-04-20 07:45,EST,7.84,P
USGS,04119070,2025-04-20 08:00,EST,7.83,P
USGS,04119070,2025-04-20 08:15,EST,7.82,P
USGS,04119070,2025-04-20 08:30,EST,7.82,P
USGS,04119070,2025-04-20 08:45,EST,7.80,P
USGS,04119070,2025-04-20 09:00,EST,7.81,P
USGS,04119070,2025-04-20 09:15,EST,7.81,P
USGS,04119070,2025-04-20 09:30,EST,7.80,P
USGS,04119070,2025-04-20 09:45,EST,7.80,P
USGS,04119070,2025-04-20 10:00,EST,7.80,P
USGS,04119070,2025-04-20 10:15,EST,7.79,P
USGS,04119070,2025-04-20 10:30,EST,7.78,P
USGS,04119070,2025-04-20 10:45,EST,7.76,P
USGS,04119070,2025-04-20 11:00,EST,7.77,P
USGS,04119070,2025-04-20 11:15,EST,7.76,P
USGS,04119070,2025-04-20 11:30,EST,7.76,P
USGS,04119070,2025-04-20 11:45,EST,7.73,P
USGS,04119070,2025-04-20 12:00,EST,7.74,P
USGS,04119070,2025-04-20 12:15,EST,7.74,P
USGS,04119070,2025-04-20 12:30,EST,7.72,P
USGS,04119070,2025-04-20 12:45,EST,7.72,P
USGS,04119070,2025-04-20 13:00,EST,7.73,P
USGS,04119070,2025-04-20 13:15,EST,7.72,P
USGS,04119070,2025-04-20 13:30,EST,7.72,P
USGS,04119070,2025-04-20 13:45,EST,7.72,P
USGS,04119070,2025-04-20 14:00,EST,7.71,P
USGS,04119070,2025-04-20 14:15,EST,7.70,P
USGS,04119070,2025-04-20 14:30,EST,7.71,P
USGS,04119070,2025-04-20 14:45,EST,7.70,P
USGS,04119070,2025-04-20 15:00,EST,7.70,P
USGS,04119070,2025-04-20 15:15,EST,7.70,P
USGS,04119070,2025-04-20 15:30,EST,7.69,P
USGS,04119070,2025-04-20 15:45,EST,7.69,P
USGS,04119070,2025-04-20 16:00,EST,7.67,P
USGS,04119070,2025-04-20 16:15,EST,7.68,P
USGS,04119070,2025-04-20 16:30,EST,7.66,P
USGS,04119070,2025-04-20 16:45,EST,7.68,P
USGS,04119070,2025-04-20 17:00,EST,7.67,P
USGS,04119070,2025-04-20 17:15,EST,7.66,P
USGS,04119070,2025-04-20 17:30,EST,7.66,P
USGS,04119070,2025-04-20 17:45,EST,7.66,P
USGS,04119070,2025-04-20 18:00,EST,7.66,P
USGS,04119070,2025-04-20 18:15,EST,7.65,P
USGS,04119070,2025-04-20 18:30,EST,7.65,P
USGS,04119070,2025-04-20 18:45,EST,7.65,P
USGS,04119070,2025-04-20 19:00,EST,7.64,P
USGS,04119070,2025-04-20 19:15,EST,7.64,P
USGS,04119070,2025-04-20 19:30,EST,7.64,P
USGS,04119070,2025-04-20 19:45,EST,7.62,P
USGS,04119070,2025-04-20 20:00,EST,7.60,P
USGS,04119070,2025-04-20 20:15,EST,7.60,P
USGS,04119070,2025-04-20 20:30,EST,7.60,P
USGS,04119070,2025-04-20 20:45,EST,7.61,P
USGS,04119070,2025-04-20 21:00,EST,7.59,P
USGS,04119070,2025-04-20 21:15,EST,7.59,P
USGS,04119070,2025-04-20 21:30,EST,7.58,P
USGS,04119070,2025-04-20 21:45,EST,7.57,P
USGS,04119070,2025-04-20 22:00,EST,7.56,P
USGS,04119070,2025-04-20 22:15,EST,7.56,P
USGS,04119070,2025-04-20 22:30,EST,7.56,P
USGS,04119070,2025-04-20 22:45,EST,7.57,P
USGS,04119070,2025-04-20 23:00,EST,7.55,P
USGS,04119070,2025-04-20 23:15,EST,7.55,P
USGS,04119070,2025-04-20 23:30,EST,7.56,P
USGS,04119070,2025-04-20 23:45,EST,7.55,P
USGS,04119070,2025-04-21 00:00,EST,7.52,P
USGS,04119070,2025-04-21 00:15,EST,7.53,P
USGS,04119070,2025-04-21 00:30,EST,7.53,P
USGS,04119070,2025-04-21 00:45,EST,7.52,P
USGS,04119070,2025-04-21 01:00,EST,7.51,P
USGS,04119070,2025-04-21 01:15,EST,7.51,P
USGS,04119070,2025-04-21 01:30,EST,7.51,P
USGS,04119070,2025-04-21 01:45,EST,7.51,P
USGS,04119070,2025-04-21 02:00,EST,7.51,P
USGS,04119070,2025-04-21 02:15,EST,7.50,P
USGS,04119070,2025-04-21 02:30,EST,7.50,P
USGS,04119070,2025-04-21 02:45,EST,7.49,P
USGS,04119070,2025-04-21 03:00,EST,7.49,P
USGS,04119070,2025-04-21 03:15,EST,7.49,P
USGS,04119070,2025-04-21 03:30,EST,7.48,P
USGS,04119070,2025-04-21 03:45,EST,7.47,P
USGS,04119070,2025-04-21 04:00,EST,7.47,P
USGS,04119070,2025-04-21 04:15,EST,7.46,P
USGS,04119070,2025-04-21 04:30,EST,7.46,P
USGS,04119070,2025-04-21 04:45,EST,7.46,P
USGS,04119070,2025-04-21 05:00,EST,7.45,P
USGS,04119070,2025-04-21 05:15,EST,7.45,P
USGS,04119070,2025-04-21 05:30,EST,7.42,P
USGS,04119070,2025-04-21 05:45,EST,7.40,P
USGS,04119070,2025-04-21 06:00,EST,7.39,P
USGS,04119070,2025-04-21 06:15,EST,7.38,P
USGS,04119070,2025-04-21 06:30,EST,7.38,P
USGS,04119070,2025-04-21 06:45,EST,7.38,P
USGS,04119070,2025-04-21 07:00,EST,7.39,P
USGS,04119070,2025-04-21 07:15,EST,7.39,P
USGS,04119070,2025-04-21 07:30,EST,7.39,P
USGS,04119070,2025-04-21 07:45,EST,7.35,P
USGS,04119070,2025-04-21 08:00,EST,7.35,P
USGS,04119070,2025-04-21 08:15,EST,7.35,P
USGS,04119070,2025-04-21 08:30,EST,7.34,P
USGS,04119070,2025-04-21 08:45,EST,7.33,P
USGS,04119070,2025-04-21 09:00,EST,7.33,P
USGS,04119070,2025-04-21 09:15,EST,7.32,P
USGS,04119070,2025-04-21 09:30,EST,7.35,P
USGS,04119070,2025-04-21 09:45,EST,7.33,P
USGS,04119070,2025-04-21 10:00,EST,7.31,P
USGS,04119070,2025-04-21 10:15,EST,7.30,P
USGS,04119070,2025-04-21 10:30,EST,7.30,P
USGS,04119070,2025-04-21 10:45,EST,7.29,P
USGS,04119070,2025-04-21 11:00,EST,7.28,P
USGS,04119070,2025-04-21 11:15,EST,7.28,P
USGS,04119070,2025-04-21 11:30,EST,7.28,P
USGS,04119070,2025-04-21 11:45,EST,7.26,P
USGS,04119070,2025-04-21 12:00,EST,7.27,P
USGS,04119070,2025-04-21 12:15,EST,7.26,P
USGS,04119070,2025-04-21 12:30,EST,7.27,P
USGS,04119070,2025-04-21 12:45,EST,7.26,P
USGS,04119070,2025-04-21 13:00,EST,7.25,P
USGS,04119070,2025-04-21 13:15,EST,7.24,P
USGS,04119070,2025-04-21 13:30,EST,7.25,P
USGS,04119070,2025-04-21 13:45,EST,7.25,P
USGS,04119070,2025-04-21 14:00,EST,7.23,P
USGS,04119070,2025-04-21 14:15,EST,7.24,P
USGS,04119070,2025-04-21 14:30,EST,7.21,P
USGS,04119070,2025-04-21 14:45,EST,7.23,P
USGS,04119070,2025-04-21 15:00,EST,7.21,P
USGS,04119070,2025-04-21 15:15,EST,7.23,P
USGS,04119070,2025-04-21 15:30,EST,7.25,P
USGS,04119070,2025-04-21 15:45,EST,7.24,P
USGS,04119070,2025-04-21 16:00,EST,7.23,P
USGS,04119070,2025-04-21 16:15,EST,7.23,P
USGS,04119070,2025-04-21 16:30,EST,7.21,P
USGS,04119070,2025-04-21 16:45,EST,7.22,P
USGS,04119070,2025-04-21 17:00,EST,7.23,P
USGS,04119070,2025-04-21 17:15,EST,7.23,P
USGS,04119070,2025-04-21 17:30,EST,7.23,P
USGS,04119070,2025-04-21 17:45,EST,7.23,P
USGS,04119070,2025-04-21 18:00,EST,7.25,P
USGS,04119070,2025-04-21 18:15,EST,7.25,P
USGS,04119070,2025-04-21 18:30,EST,7.26,P
USGS,04119070,2025-04-21 18:45,EST,7.26,P
USGS,04119070,2025-04-21 19:00,EST,7.26,P
USGS,04119070,2025-04-21 19:15,EST,7.26,P
USGS,04119070,2025-04-21 19:30,EST,7.26,P
USGS,04119070,2025-04-21 19:45,EST,7.26,P
USGS,04119070,2025-04-21 20:00,EST,7.25,P
USGS,04119070,2025-04-21 20:15,EST,7.25,P
USGS,04119070,2025-04-21 20:30,EST,7.25,P
USGS,04119070,2025-04-21 20:45,EST,7.25,P
USGS,04119070,2025-04-21 21:00,EST,7.24,P
USGS,04119070,2025-04-21 21:15,EST,7.24,P
USGS,04119070,2025-04-21 21:30,EST,7.24,P
USGS,04119070,2025-04-21 21:45,EST,7.23,P
USGS,04119070,2025-04-21 22:00,EST,7.22,P
USGS,04119070,2025-04-21 22:15,EST,7.22,P
USGS,04119070,2025-04-21 22:30,EST,7.22,P
USGS,04119070,2025-04-21 22:45,EST,7.21,P
USGS,04119070,2025-04-21 23:00,EST,7.21,P
USGS,04119070,2025-04-21 23:15,EST,7.20,P
USGS,04119070,2025-04-21 23:30,EST,7.20,P
USGS,04119070,2025-04-21 23:45,EST,7.19,P
USGS,04119070,2025-04-22 00:00,EST,7.19,P
USGS,04119070,2025-04-22 00:15,EST,7.18,P
USGS,04119070,2025-04-22 00:30,EST,7.17,P
USGS,04119070,2025-04-22 00:45,EST,7.17,P
USGS,04119070,2025-04-22 01:00,EST,7.16,P
USGS,04119070,2025-04-22 01:15,EST,7.16,P
USGS,04119070,2025-04-22 01:30,EST,7.15,P
USGS,04119070,2025-04-22 01:45,EST,7.15,P
USGS,04119070,2025-04-22 02:00,EST,7.14,P
USGS,04119070,2025-04-22 02:15,EST,7.14,P
USGS,04119070,2025-04-22 02:30,EST,7.13,P
USGS,04119070,2025-04-22 02:45,EST,7.13,P
USGS,04119070,2025-04-22 03:00,EST,7.12,P
USGS,04119070,2025-04-22 03:15,EST,7.12,P
USGS,04119070,2025-04-22 03:30,EST,7.12,P
USGS,04119070,2025-04-22 03:45,EST,7.11,P
USGS,04119070,2025-04-22 04:00,EST,7.10,P
USGS,04119070,2025-04-22 04:15,EST,7.10,P
USGS,04119070,2025-04-22 04:30,EST,7.10,P
USGS,04119070,2025-04-22 04:45,EST,7.09,P
USGS,04119070,2025-04-22 05:00,EST,7.08,P
USGS,04119070,2025-04-22 05:15,EST,7.08,P
USGS,04119070,2025-04-22 05:30,EST,7.07,P
USGS,04119070,2025-04-22 05:45,EST,7.07,P
USGS,04119070,2025-04-22 06:00,EST,7.06,P
USGS,04119070,2025-04-22 06:15,EST,7.06,P
USGS,04119070,2025-04-22 06:30,EST,7.05,P
USGS,04119070,2025-04-22 06:45,EST,7.05,P
USGS,04119070,2025-04-22 07:00,EST,7.04,P
USGS,04119070,2025-04-22 07:15,EST,7.02,P
USGS,04119070,2025-04-22 07:30,EST,7.02,P
USGS,04119070,2025-04-22 07:45,EST,7.01,P
USGS,04119070,2025-04-22 08:00,EST,7.00,P
USGS,04119070,2025-04-22 08:15,EST,7.01,P
USGS,04119070,2025-04-22 08:30,EST,7.00,P
USGS,04119070,2025-04-22 08:45,EST,6.98,P
USGS,04119070,2025-04-22 09:00,EST,7.00,P
USGS,04119070,2025-04-22 09:15,EST,6.96,P
USGS,04119070,2025-04-22 09:30,EST,6.98,P
USGS,04119070,2025-04-22 09:45,EST,6.96,P
USGS,04119070,2025-04-22 10:00,EST,6.96,P
USGS,04119070,2025-04-22 10:15,EST,6.96,P
USGS,04119070,2025-04-22 10:30,EST,6.95,P
USGS,04119070,2025-04-22 10:45,EST,6.93,P
USGS,04119070,2025-04-22 11:00,EST,6.97,P
USGS,04119070,2025-04-22 11:15,EST,6.93,P
USGS,04119070,2025-04-22 11:30,EST,6.93,P
USGS,04119070,2025-04-22 11:45,EST,6.95,P
USGS,04119070,2025-04-22 12:00,EST,6.94,P
USGS,04119070,2025-04-22 12:15,EST,6.94,P
USGS,04119070,2025-04-22 12:30,EST,6.94,P
USGS,04119070,2025-04-22 12:45,EST,6.94,P
USGS,04119070,2025-04-22 13:00,EST,6.94,P
USGS,04119070,2025-04-22 13:15,EST,6.93,P
USGS,04119070,2025-04-22 13:30,EST,6.93,P
USGS,04119070,2025-04-22 13:45,EST,6.92,P
USGS,04119070,2025-04-22 14:00,EST,6.91,P
USGS,04119070,2025-04-22 14:15,EST,6.90,P
USGS,04119070,2025-04-22 14:30,EST,6.91,P
USGS,04119070,2025-04-22 14:45,EST,6.88,P
USGS,04119070,2025-04-22 15:00,EST,6.86,P
USGS,04119070,2025-04-22 15:15,EST,6.89,P
USGS,04119070,2025-04-22 15:30,EST,6.88,P
USGS,04119070,2025-04-22 15:45,EST,6.88,P
USGS,04119070,2025-04-22 16:00,EST,6.88,P
USGS,04119070,2025-04-22 16:15,EST,6.88,P
USGS,04119070,2025-04-22 16:30,EST,6.88,P
USGS,04119070,2025-04-22 16:45,EST,6.88,P
USGS,04119070,2025-04-22 17:00,EST,6.87,P
USGS,04119070,2025-04-22 17:15,EST,6.87,P
USGS,04119070,2025-04-22 17:30,EST,6.87,P
USGS,04119070,2025-04-22 17:45,EST,6.86,P
USGS,04119070,2025-04-22 18:00,EST,6.86,P
USGS,04119070,2025-04-22 18:15,EST,6.85,P
USGS,04119070,2025-04-22 18:30,EST,6.85,P
USGS,04119070,2025-04-22 18:45,EST,6.85,P
USGS,04119070,2025-04-22 19:00,EST,6.84,P
USGS,04119070,2025-04-22 19:15,EST,6.84,P
USGS,04119070,2025-04-22 19:30,EST,6.84,P
USGS,04119070,2025-04-22 19:45,EST,6.83,P
USGS,04119070,2025-04-22 20:00,EST,6.83,P
USGS,04119070,2025-04-22 20:15,EST,6.82,P
USGS,04119070,2025-04-22 20:30,EST,6.82,P
USGS,04119070,2025-04-22 20:45,EST,6.81,P
USGS,04119070,2025-04-22 21:00,EST,6.81,P
USGS,04119070,2025-04-22 21:15,EST,6.81,P
USGS,04119070,2025-04-22 21:30,EST,6.81,P
USGS,04119070,2025-04-22 21:45,EST,6.80,P
USGS,04119070,2025-04-22 22:00,EST,6.80,P
USGS,04119070,2025-04-22 22:15,EST,6.80,P
USGS,04119070,2025-04-22 22:30,EST,6.79,P
USGS,04119070,2025-04-22 22:45,EST,6.79,P
USGS,04119070,2025-04-22 23:00,EST,6.79,P
USGS,04119070,2025-04-22 23:15,EST,6.79,P
USGS,04119070,2025-04-22 23:30,EST,6.79,P
USGS,04119070,2025-04-22 23:45,EST,6.78,P
USGS,04119070,2025-04-23 00:00,EST,6.78,P
USGS,04119070,2025-04-23 00:15,EST,6.78,P
USGS,04119070,2025-04-23 00:30,EST,6.78,P
USGS,04119070,2025-04-23 00:45,EST,6.78,P
USGS,04119070,2025-04-23 01:00,EST,6.77,P
USGS,04119070,2025-04-23 01:15,EST,6.77,P
USGS,04119070,2025-04-23 01:30,EST,6.77,P
USGS,04119070,2025-04-23 01:45,EST,6.77,P
USGS,04119070,2025-04-23 02:00,EST,6.76,P
USGS,04119070,2025-04-23 02:15,EST,6.76,P
USGS,04119070,2025-04-23 02:30,EST,6.76,P
USGS,04119070,2025-04-23 02:45,EST,6.76,P
USGS,04119070,2025-04-23 03:00,EST,6.76,P
USGS,04119070,2025-04-23 03:15,EST,6.75,P
USGS,04119070,2025-04-23 03:30,EST,6.75,P
USGS,04119070,2025-04-23 03:45,EST,6.74,P
USGS,04119070,2025-04-23 04:00,EST,6.74,P
USGS,04119070,2025-04-23 04:15,EST,6.74,P
USGS,04119070,2025-04-23 04:30,EST,6.73,P
USGS,04119070,2025-04-23 04:45,EST,6.73,P
USGS,04119070,2025-04-23 05:00,EST,6.73,P
USGS,04119070,2025-04-23 05:15,EST,6.73,P
USGS,04119070,2025-04-23 05:30,EST,6.72,P
USGS,04119070,2025-04-23 05:45,EST,6.72,P
USGS,04119070,2025-04-23 06:00,EST,6.71,P
USGS,04119070,2025-04-23 06:15,EST,6.71,P
USGS,04119070,2025-04-23 06:30,EST,6.72,P
USGS,04119070,2025-04-23 06:45,EST,6.71,P
USGS,04119070,2025-04-23 07:00,EST,6.71,P
USGS,04119070,2025-04-23 07:15,EST,6.70,P
USGS,04119070,2025-04-23 07:30,EST,6.70,P
USGS,04119070,2025-04-23 07:45,EST,6.70,P
USGS,04119070,2025-04-23 08:00,EST,6.70,P
USGS,04119070,2025-04-23 08:15,EST,6.70,P
USGS,04119070,2025-04-23 08:30,EST,6.70,P
USGS,04119070,2025-04-23 08:45,EST,6.70,P
USGS,04119070,2025-04-23 09:00,EST,6.70,P
USGS,04119070,2025-04-23 09:15,EST,6.69,P
USGS,04119070,2025-04-23 09:30,EST,6.70,P
USGS,04119070,2025-04-23 09:45,EST,6.69,P
USGS,04119070,2025-04-23 10:00,EST,6.69,P
USGS,04119070,2025-04-23 10:15,EST,6.68,P
USGS,04119070,2025-04-23 10:30,EST,6.69,P
USGS,04119070,2025-04-23 10:45,EST,6.69,P
USGS,04119070,2025-04-23 11:00,EST,6.69,P
USGS,04119070,2025-04-23 11:15,EST,6.69,P
USGS,04119070,2025-04-23 11:30,EST,6.69,P
USGS,04119070,2025-04-23 11:45,EST,6.69,P
USGS,04119070,2025-04-23 12:00,EST,6.69,P
USGS,04119070,2025-04-23 12:15,EST,6.68,P
USGS,04119070,2025-04-23 12:30,EST,6.68,P
USGS,04119070,2025-04-23 12:45,EST,6.68,P
